{"eval/walltime": 12.71758246421814, "eval/episode_forward_vel": -1.6785681249748519, "eval/episode_penalty_torque_lim": -0.07537310209967092, "eval/episode_rew_action": 0.0, "eval/episode_rew_ang_change": 53.60815591517911, "eval/episode_rew_ang_vel": 0.0, "eval/episode_rew_cosmetic": 0.0, "eval/episode_rew_energy": 13.276373414123379, "eval/episode_rew_foot_z": 0.0, "eval/episode_rew_forward_vel": -721.9647849354209, "eval/episode_rew_joint_acc": 0.0, "eval/episode_rew_joint_limits": 0.0, "eval/episode_rew_pitch": 53.36149686279138, "eval/episode_rew_roll": 51.93569632579273, "eval/episode_rew_side_motion": 2.3074518090602756, "eval/episode_rew_torque_limits": 0.0, "eval/episode_rew_turn": 106.94462158723914, "eval/episode_rew_yaw": 106.4195563826234, "eval/episode_rew_z_vel_change": 20.005931351444204, "eval/episode_reward": -314.7474303533778, "eval/episode_step_count": 499500.0, "eval/avg_episode_length": 1000.0, "eval/epoch_eval_time": 12.71758246421814, "eval/sps": 78.63129669601703, "steps": 0, "eval/best_reward": -314.7474303533778, "_timestamp": 1738327121.1758628, "_runtime": 28.76298475265503, "_step": 0, "_wandb": {"runtime": 29}}