{"eval/walltime": 54.41951584815979, "eval/episode_forward_vel": -0.13636187163395072, "eval/episode_penalty_torque_lim": -0.8416588035412782, "eval/episode_rew_action": 0.0, "eval/episode_rew_ang_change": 53.557578362727625, "eval/episode_rew_ang_vel": 0.0, "eval/episode_rew_cosmetic": 0.0, "eval/episode_rew_energy": 8.932730022662307, "eval/episode_rew_foot_z": 0.0, "eval/episode_rew_forward_vel": -58.65026736944119, "eval/episode_rew_joint_acc": 0.0, "eval/episode_rew_joint_limits": 0.0, "eval/episode_rew_pitch": 53.65964399247784, "eval/episode_rew_roll": 53.65589008899098, "eval/episode_rew_side_motion": 92.54234848396277, "eval/episode_rew_torque_limits": 0.0, "eval/episode_rew_turn": 43.79312191306517, "eval/episode_rew_yaw": 73.47110567749492, "eval/episode_rew_z_vel_change": 30.058458138551316, "eval/episode_reward": 350.5921351091052, "eval/episode_step_count": 499500.0, "eval/avg_episode_length": 1000.0, "eval/epoch_eval_time": 54.41951584815979, "eval/sps": 18.3757606883196, "steps": 0, "eval/best_reward": 350.5921351091052, "_timestamp": 1738582410.7744844, "_runtime": 152.8708724975586, "_step": 1, "Render at step 0": {"_type": "html-file", "sha256": "468ab729dcba8921bc7c1a9b0cba59d94f79e612dd01b399f941816040c6cd45", "size": 12113304, "path": "media/html/Render at step 0_1_468ab729dcba8921bc7c.html"}, "_wandb": {"runtime": 218}}