{"eval/walltime": 14.820257663726807, "eval/episode_forward_vel": -3.549242367522677, "eval/episode_penalty_torque_lim": -1.8520963731433173, "eval/episode_rew_action": 0.0, "eval/episode_rew_ang_change": 53.33259977479838, "eval/episode_rew_ang_vel": 0.0, "eval/episode_rew_cosmetic": 0.0, "eval/episode_rew_energy": 7.904647821196664, "eval/episode_rew_foot_z": 0.0, "eval/episode_rew_forward_vel": -1526.5558569990017, "eval/episode_rew_joint_acc": 0.0, "eval/episode_rew_joint_limits": 0.0, "eval/episode_rew_pitch": 52.791637265983475, "eval/episode_rew_roll": 53.01836336828367, "eval/episode_rew_side_motion": 11.375982081645235, "eval/episode_rew_torque_limits": 0.0, "eval/episode_rew_turn": 101.89208085339493, "eval/episode_rew_yaw": 107.05959277250744, "eval/episode_rew_z_vel_change": 19.931147209611037, "eval/episode_reward": -1123.4885769332998, "eval/episode_step_count": 499500.0, "eval/avg_episode_length": 1000.0, "eval/epoch_eval_time": 2.245526075363159, "eval/sps": 445.3299433800938, "steps": 2000.0, "eval/best_reward": -314.74743035338514, "_timestamp": 1738332501.9424536, "_runtime": 236.01214957237244, "_step": 3, "Render at step 0": {"_type": "html-file", "sha256": "ad1df92dcade2de2dc3b405abd3c2ed2e7f76311c5ea520080e8531307d849e1", "size": 12100256, "path": "media/html/Render at step 0_1_ad1df92dcade2de2dc3b.html"}, "training/sps": 7.641932852375272, "training/walltime": 130.85694670677185, "training/model_train_time": 89.93033170700073, "training/other_time": 40.10091590881348, "training/model_horizon": 1, "training/hallucination_updates_per_training_step": 10, "training/env_buffer_size": 2000, "model/train_total_loss": -51.957601837003445, "model/train_mean_loss": 0.01494517474861302, "model/test_total_loss": -52.54507767127351, "model/test_mean_loss": 0.014886185090243538, "model/train_epochs": 7, "model/sec_per_epoch": 12.597699437822614, "sac/actor_loss": 29.15651993720336, "sac/alpha": 0.9770506024360657, "sac/alpha_loss": 6.994126118210631, "sac/buffer_current_size": 3600.0, "sac/critic_loss": 207.9208747578504, "Render at step 2000.0": {"_type": "html-file", "sha256": "b48db4e547a4fb1bb2033f7fcef9d29ce5e5132a9a412e194c7bfe70c62d6fc3", "size": 12112655, "path": "media/html/Render at step 2000.0_3_b48db4e547a4fb1bb203.html"}, "_wandb": {"runtime": 267}}