{"eval/walltime": 53.5067503452301, "eval/episode_forward_vel": -0.3763039290406286, "eval/episode_penalty_torque_lim": -3.065087156474707e-06, "eval/episode_rew_action": 0.0, "eval/episode_rew_ang_change": 53.06618492477903, "eval/episode_rew_ang_vel": 0.0, "eval/episode_rew_cosmetic": 0.0, "eval/episode_rew_energy": 0.09114271737823552, "eval/episode_rew_foot_z": 0.0, "eval/episode_rew_forward_vel": -161.85115227553948, "eval/episode_rew_joint_acc": 0.0, "eval/episode_rew_joint_limits": 0.0, "eval/episode_rew_pitch": 53.59088098878774, "eval/episode_rew_roll": 53.54532012585433, "eval/episode_rew_side_motion": 94.86929945269338, "eval/episode_rew_torque_limits": 0.0, "eval/episode_rew_turn": 51.05626565823625, "eval/episode_rew_yaw": 30.11394261520936, "eval/episode_rew_z_vel_change": 24.290367323818682, "eval/episode_reward": 198.91886346021627, "eval/episode_step_count": 499500.0, "eval/avg_episode_length": 1000.0, "eval/epoch_eval_time": 53.5067503452301, "eval/sps": 18.689230677398925, "steps": 0, "eval/best_reward": 198.91886346021627, "_timestamp": 1738674628.8028083, "_runtime": 150.96507930755615, "_step": 1, "Render at step 0": {"_type": "html-file", "sha256": "dea63015e09493e95c706bd6bf12601fb9b2649cb0909d0a0471665b54109e43", "size": 12091551, "path": "media/html/Render at step 0_1_dea63015e09493e95c70.html"}, "_wandb": {"runtime": 241}}