{"eval/walltime": 53.77765154838562, "eval/episode_forward_vel": 0.005802902384236084, "eval/episode_penalty_torque_lim": -1.1582569801872076, "eval/episode_rew_action": 0.0, "eval/episode_rew_ang_change": 3.5524547228030396, "eval/episode_rew_ang_vel": 0.0, "eval/episode_rew_cosmetic": 0.0, "eval/episode_rew_energy": 0.05956513461862969, "eval/episode_rew_foot_z": 0.0, "eval/episode_rew_forward_vel": 2.4958719932198217, "eval/episode_rew_joint_acc": 0.0, "eval/episode_rew_joint_limits": 0.0, "eval/episode_rew_pitch": 3.779820610071754, "eval/episode_rew_roll": 2.6824185753270693, "eval/episode_rew_side_motion": 1.8909034428905205, "eval/episode_rew_torque_limits": 0.0, "eval/episode_rew_turn": 4.097354792872269, "eval/episode_rew_yaw": 5.523145777714427, "eval/episode_rew_z_vel_change": 1.8449806848038757, "eval/episode_reward": 23.940825625289296, "eval/episode_step_count": 2628.0, "eval/avg_episode_length": 73.0, "eval/epoch_eval_time": 53.77765154838562, "eval/sps": 18.595084969455485, "steps": 0, "eval/best_reward": 23.940825625289296, "_timestamp": 1738670451.642903, "_runtime": 145.05454111099243, "_step": 1, "Render at step 0": {"_type": "html-file", "sha256": "345e2680169d0d9560b8c31778f5ca682ca651855f469919e826bf449402ea8e", "size": 12089447, "path": "media/html/Render at step 0_1_345e2680169d0d9560b8.html"}, "_wandb": {"runtime": 283}}