{"eval/walltime": 52.72823929786682, "eval/episode_forward_vel": -0.3763039290406292, "eval/episode_penalty_torque_lim": -3.0650871564746795e-06, "eval/episode_rew_action": 0.0, "eval/episode_rew_ang_change": 53.066184924779044, "eval/episode_rew_ang_vel": 0.0, "eval/episode_rew_cosmetic": 0.0, "eval/episode_rew_energy": 0.09114271737823508, "eval/episode_rew_foot_z": 0.0, "eval/episode_rew_forward_vel": -161.85115227553945, "eval/episode_rew_joint_acc": 0.0, "eval/episode_rew_joint_limits": 0.0, "eval/episode_rew_pitch": 53.590880988787724, "eval/episode_rew_roll": 53.54532012585434, "eval/episode_rew_side_motion": 94.86929945269333, "eval/episode_rew_torque_limits": 0.0, "eval/episode_rew_turn": 51.0562656582361, "eval/episode_rew_yaw": 30.11394261520906, "eval/episode_rew_z_vel_change": 24.290367323818682, "eval/episode_reward": 198.91886346021582, "eval/episode_step_count": 499500.0, "eval/avg_episode_length": 1000.0, "eval/epoch_eval_time": 52.72823929786682, "eval/sps": 18.965169581159447, "steps": 0, "eval/best_reward": 198.91886346021582, "_timestamp": 1738675091.4280374, "_runtime": 148.86540532112122, "_step": 1, "Render at step 0": {"_type": "html-file", "sha256": "fb4897aa6f8968aa108805d4981414656b47a128ff2f424478a3878d773e7f84", "size": 12091625, "path": "media/html/Render at step 0_1_fb4897aa6f8968aa1088.html"}, "_wandb": {"runtime": 291}}