{"eval/walltime": 52.331507205963135, "eval/episode_forward_vel": -0.05934099435519108, "eval/episode_penalty_torque_lim": -0.14337347240431988, "eval/episode_rew_action": 0.0, "eval/episode_rew_ang_change": 9.62939361060202, "eval/episode_rew_ang_vel": 0.0, "eval/episode_rew_cosmetic": 0.0, "eval/episode_rew_energy": 0.5194740150391043, "eval/episode_rew_foot_z": 0.0, "eval/episode_rew_forward_vel": -25.52300832481337, "eval/episode_rew_joint_acc": 0.0, "eval/episode_rew_joint_limits": 0.0, "eval/episode_rew_pitch": 9.163357007902139, "eval/episode_rew_roll": 8.362199502483529, "eval/episode_rew_side_motion": 8.763261481870884, "eval/episode_rew_torque_limits": 0.0, "eval/episode_rew_turn": 7.082352455074756, "eval/episode_rew_yaw": 15.926547542037598, "eval/episode_rew_z_vel_change": 5.4889530997376035, "eval/episode_reward": 38.14843524478274, "eval/episode_step_count": 17020.0, "eval/avg_episode_length": 185.0, "eval/epoch_eval_time": 52.331507205963135, "eval/sps": 19.108947045309844, "steps": 0, "eval/best_reward": 38.14843524478274, "_timestamp": 1738677450.3302605, "_runtime": 153.55080556869507, "_step": 1, "Render at step 0": {"_type": "html-file", "sha256": "f6a7fe58bce5759eaf8d4128cbec6ed4726f5afb7b8372e595ac58ea2246fc59", "size": 12107617, "path": "media/html/Render at step 0_1_f6a7fe58bce5759eaf8d.html"}, "_wandb": {"runtime": 220}}