{"eval/walltime": 54.7725248336792, "eval/episode_forward_vel": -0.055933162582483494, "eval/episode_penalty_torque_lim": -5.156247541137045, "eval/episode_rew_action": 0.0, "eval/episode_rew_ang_change": 5.454572339610865, "eval/episode_rew_ang_vel": 0.0, "eval/episode_rew_cosmetic": 0.0, "eval/episode_rew_energy": 9.314562282045546e-09, "eval/episode_rew_foot_z": 0.0, "eval/episode_rew_forward_vel": -24.057274229025126, "eval/episode_rew_joint_acc": 0.0, "eval/episode_rew_joint_limits": 0.0, "eval/episode_rew_pitch": 6.27179227166509, "eval/episode_rew_roll": 5.571952773613558, "eval/episode_rew_side_motion": 2.6677253635284686, "eval/episode_rew_torque_limits": 0.0, "eval/episode_rew_turn": 2.6347014701864113, "eval/episode_rew_yaw": 4.928442975251654, "eval/episode_rew_z_vel_change": 2.6286135172991116, "eval/episode_reward": -0.4313186315577586, "eval/episode_step_count": 7140.0, "eval/avg_episode_length": 120.0, "eval/epoch_eval_time": 54.7725248336792, "eval/sps": 18.257328889558654, "steps": 0, "eval/best_reward": -0.4313186315577586, "_timestamp": 1738845065.877447, "_runtime": 148.74845099449158, "_step": 1, "Render at step 0": {"_type": "html-file", "sha256": "702ffb76a03389ea9a00225082a669d7d72c0547e5916c73778f5adba8681166", "size": 12099723, "path": "media/html/Render at step 0_1_702ffb76a03389ea9a00.html"}, "_wandb": {"runtime": 215}}