{"eval/walltime": 51.677738189697266, "eval/episode_forward_vel": 0.01838916842878268, "eval/episode_penalty_torque_lim": -1.4754822916753254, "eval/episode_rew_action": 0.0, "eval/episode_rew_ang_change": 3.3462000473080784, "eval/episode_rew_ang_vel": 0.0, "eval/episode_rew_cosmetic": 0.0, "eval/episode_rew_energy": 0.04159487001666174, "eval/episode_rew_foot_z": 0.0, "eval/episode_rew_forward_vel": 7.909319754315132, "eval/episode_rew_joint_acc": 0.0, "eval/episode_rew_joint_limits": 0.0, "eval/episode_rew_pitch": 3.5407552613163302, "eval/episode_rew_roll": 2.2941502221756855, "eval/episode_rew_side_motion": 1.6005874156669788, "eval/episode_rew_torque_limits": 0.0, "eval/episode_rew_turn": 3.4430637211413138, "eval/episode_rew_yaw": 4.213461574150581, "eval/episode_rew_z_vel_change": 1.8387473082671815, "eval/episode_reward": 25.907048526999677, "eval/episode_step_count": 2346.0, "eval/avg_episode_length": 69.0, "eval/epoch_eval_time": 51.677738189697266, "eval/sps": 19.350692097421653, "steps": 0, "eval/best_reward": 25.907048526999677, "_timestamp": 1738670125.486523, "_runtime": 139.0463888645172, "_step": 1, "Render at step 0": {"_type": "html-file", "sha256": "ce03be19dc34160f30c36cf7a6412406b09107b02400025478a3264fa2a99ea7", "size": 12086490, "path": "media/html/Render at step 0_1_ce03be19dc34160f30c3.html"}, "_wandb": {"runtime": 284}}