{"eval/walltime": 52.95499539375305, "eval/episode_forward_vel": -0.3273389524349902, "eval/episode_penalty_torque_lim": -7.808107921438018, "eval/episode_rew_action": 0.0, "eval/episode_rew_ang_change": 26.713230792222564, "eval/episode_rew_ang_vel": 0.0, "eval/episode_rew_cosmetic": 0.0, "eval/episode_rew_energy": 0.006043591663589054, "eval/episode_rew_foot_z": 0.0, "eval/episode_rew_forward_vel": -140.790947283867, "eval/episode_rew_joint_acc": 0.0, "eval/episode_rew_joint_limits": 0.0, "eval/episode_rew_pitch": 27.35400157358079, "eval/episode_rew_roll": 27.121827089353033, "eval/episode_rew_side_motion": 26.240937695992276, "eval/episode_rew_torque_limits": 0.0, "eval/episode_rew_turn": 20.730485325518778, "eval/episode_rew_yaw": 7.613893542817388, "eval/episode_rew_z_vel_change": 13.457578654520658, "eval/episode_reward": -0.34069065761171835, "eval/episode_step_count": 143380.0, "eval/avg_episode_length": 536.0, "eval/epoch_eval_time": 52.95499539375305, "eval/sps": 18.883959720218712, "steps": 0, "eval/best_reward": -0.34069065761171835, "_timestamp": 1738844455.0695639, "_runtime": 148.5008888244629, "_step": 1, "Render at step 0": {"_type": "html-file", "sha256": "d195d9ca6d9aca3ba0b17cc7c299722d6433fb535ba09bb4e45a210027e1efe4", "size": 12079646, "path": "media/html/Render at step 0_1_d195d9ca6d9aca3ba0b1.html"}, "_wandb": {"runtime": 222}}