{"eval/walltime": 50.45530366897583, "eval/episode_forward_vel": -0.21334567820428765, "eval/episode_penalty_torque_lim": -1.6362148316826357, "eval/episode_rew_action": 0.0, "eval/episode_rew_ang_change": 52.8966261377763, "eval/episode_rew_ang_vel": 0.0, "eval/episode_rew_cosmetic": 0.0, "eval/episode_rew_energy": 0.05872215996590122, "eval/episode_rew_foot_z": 0.0, "eval/episode_rew_forward_vel": -91.76158202334948, "eval/episode_rew_joint_acc": 0.0, "eval/episode_rew_joint_limits": 0.0, "eval/episode_rew_pitch": 53.44748890052464, "eval/episode_rew_roll": 53.186707230870496, "eval/episode_rew_side_motion": 74.22238898027653, "eval/episode_rew_torque_limits": 0.0, "eval/episode_rew_turn": 47.70143419182485, "eval/episode_rew_yaw": 10.060531236663643, "eval/episode_rew_z_vel_change": 26.465541550910956, "eval/episode_reward": 224.87338841373636, "eval/episode_step_count": 499500.0, "eval/avg_episode_length": 1000.0, "eval/epoch_eval_time": 50.45530366897583, "eval/sps": 19.819521978516686, "steps": 0, "eval/best_reward": 224.87338841373636, "_timestamp": 1738334472.8521528, "_runtime": 147.4725158214569, "_step": 1, "Render at step 0": {"_type": "html-file", "sha256": "e9ee09426db44b50a747f4a64c9ac51ee73d6abb88be55ad4ae3a716d83b6c76", "size": 12080432, "path": "media/html/Render at step 0_1_e9ee09426db44b50a747.html"}, "_wandb": {"runtime": 231}}