{"eval/walltime": 52.61003255844116, "eval/episode_forward_vel": -0.024408054486494517, "eval/episode_penalty_torque_lim": -0.0009684710057442156, "eval/episode_rew_action": 0.0, "eval/episode_rew_ang_change": 4.261840368065189, "eval/episode_rew_ang_vel": 0.0, "eval/episode_rew_cosmetic": 0.0, "eval/episode_rew_energy": 0.08144280318907474, "eval/episode_rew_foot_z": 0.0, "eval/episode_rew_forward_vel": -10.498087951180441, "eval/episode_rew_joint_acc": 0.0, "eval/episode_rew_joint_limits": 0.0, "eval/episode_rew_pitch": 4.50995738111646, "eval/episode_rew_roll": 3.5991374831893905, "eval/episode_rew_side_motion": 0.6745542635171036, "eval/episode_rew_torque_limits": 0.0, "eval/episode_rew_turn": 7.186486167467544, "eval/episode_rew_yaw": 8.903750090381187, "eval/episode_rew_z_vel_change": 2.196972298004544, "eval/episode_reward": 20.068312113879518, "eval/episode_step_count": 3741.0, "eval/avg_episode_length": 87.0, "eval/epoch_eval_time": 52.61003255844116, "eval/sps": 19.007781431976177, "steps": 0, "eval/best_reward": 20.068312113879518, "_timestamp": 1738671859.6749513, "_runtime": 137.0709524154663, "_step": 1, "Render at step 0": {"_type": "html-file", "sha256": "3aebad568d18b98227bf2325972c64b3b613365ad2cd68909c81f01b02743d9e", "size": 12094884, "path": "media/html/Render at step 0_1_3aebad568d18b98227bf.html"}, "_wandb": {"runtime": 277}}