{"eval/walltime": 52.321810722351074, "eval/episode_forward_vel": -0.0063076640155549455, "eval/episode_penalty_torque_lim": -1.8601666321246546, "eval/episode_rew_action": 0.0, "eval/episode_rew_ang_change": 5.195868130188278, "eval/episode_rew_ang_vel": 0.0, "eval/episode_rew_cosmetic": 0.0, "eval/episode_rew_energy": 0.070753510192506, "eval/episode_rew_foot_z": 0.0, "eval/episode_rew_forward_vel": -2.712973770131159, "eval/episode_rew_joint_acc": 0.0, "eval/episode_rew_joint_limits": 0.0, "eval/episode_rew_pitch": 5.477279640482959, "eval/episode_rew_roll": 4.495575106603763, "eval/episode_rew_side_motion": 3.223272538165903, "eval/episode_rew_torque_limits": 0.0, "eval/episode_rew_turn": 4.4394336817818365, "eval/episode_rew_yaw": 8.32595035363205, "eval/episode_rew_z_vel_change": 2.6699574809632454, "eval/episode_reward": 28.498649974673874, "eval/episode_step_count": 5356.0, "eval/avg_episode_length": 104.0, "eval/epoch_eval_time": 52.321810722351074, "eval/sps": 19.112488390483307, "steps": 0, "eval/best_reward": 28.498649974673874, "_timestamp": 1738670741.554387, "_runtime": 144.04892206192017, "_step": 1, "Render at step 0": {"_type": "html-file", "sha256": "cef1ac16d1d9c36ee2ffd83ff53350f4fb6f1f353b44366b181b894d6ae6723b", "size": 12092338, "path": "media/html/Render at step 0_1_cef1ac16d1d9c36ee2ff.html"}, "_wandb": {"runtime": 217}}