{"eval/walltime": 51.35015416145325, "eval/episode_forward_vel": -0.06335737119739422, "eval/episode_penalty_torque_lim": -0.0008219691322039346, "eval/episode_rew_action": 0.0, "eval/episode_rew_ang_change": 10.95757669545806, "eval/episode_rew_ang_vel": 0.0, "eval/episode_rew_cosmetic": 0.0, "eval/episode_rew_energy": 0.9242488582542792, "eval/episode_rew_foot_z": 0.0, "eval/episode_rew_forward_vel": -27.25048223543834, "eval/episode_rew_joint_acc": 0.0, "eval/episode_rew_joint_limits": 0.0, "eval/episode_rew_pitch": 10.038917089274447, "eval/episode_rew_roll": 9.840731469728315, "eval/episode_rew_side_motion": 10.703884460474931, "eval/episode_rew_torque_limits": 0.0, "eval/episode_rew_turn": 7.559722050390088, "eval/episode_rew_yaw": 21.86132734949068, "eval/episode_rew_z_vel_change": 6.385896901060681, "eval/episode_reward": 49.87986544328642, "eval/episode_step_count": 21945.0, "eval/avg_episode_length": 210.0, "eval/epoch_eval_time": 51.35015416145325, "eval/sps": 19.474138224704003, "steps": 0, "eval/best_reward": 49.87986544328642, "_timestamp": 1738679389.7501564, "_runtime": 66.15327334403992, "_step": 0, "_wandb": {"runtime": 68}}