{"eval/walltime": 13.872437715530396, "eval/episode_forward_vel": -1.6785681249748712, "eval/episode_penalty_torque_lim": -0.07537310209967105, "eval/episode_rew_action": 0.0, "eval/episode_rew_ang_change": 53.60815591517911, "eval/episode_rew_ang_vel": 0.0, "eval/episode_rew_cosmetic": 0.0, "eval/episode_rew_energy": 13.276373414123377, "eval/episode_rew_foot_z": 0.0, "eval/episode_rew_forward_vel": -721.9647849354292, "eval/episode_rew_joint_acc": 0.0, "eval/episode_rew_joint_limits": 0.0, "eval/episode_rew_pitch": 53.36149686279139, "eval/episode_rew_roll": 51.9356963257927, "eval/episode_rew_side_motion": 2.307451809060284, "eval/episode_rew_torque_limits": 0.0, "eval/episode_rew_turn": 106.94462158723914, "eval/episode_rew_yaw": 106.41955638262367, "eval/episode_rew_z_vel_change": 20.00593135144423, "eval/episode_reward": -314.74743035338514, "eval/episode_step_count": 499500.0, "eval/avg_episode_length": 1000.0, "eval/epoch_eval_time": 13.872437715530396, "eval/sps": 72.08538401873561, "steps": 0, "eval/best_reward": -314.74743035338514, "_timestamp": 1738331493.0612044, "_runtime": 54.92685031890869, "_step": 1, "Render at step 0": {"_type": "html-file", "sha256": "58b9e5ce7175aeb29d0e641859eb658f813ec206e477e155c57f085b335ba50e", "size": 12100214, "path": "media/html/Render at step 0_1_58b9e5ce7175aeb29d0e.html"}, "_wandb": {"runtime": 154}}