{"eval/walltime": 53.540180683135986, "eval/episode_forward_vel": -0.06335737029895486, "eval/episode_penalty_torque_lim": -0.0008220665607386551, "eval/episode_rew_action": 0.0, "eval/episode_rew_ang_change": 10.957503066945618, "eval/episode_rew_ang_vel": 0.0, "eval/episode_rew_cosmetic": 0.0, "eval/episode_rew_energy": 0.9242488581455207, "eval/episode_rew_foot_z": 0.0, "eval/episode_rew_forward_vel": -27.250481849012818, "eval/episode_rew_joint_acc": 0.0, "eval/episode_rew_joint_limits": 0.0, "eval/episode_rew_pitch": 10.038921777030184, "eval/episode_rew_roll": 9.84072294000423, "eval/episode_rew_side_motion": 10.703884460474937, "eval/episode_rew_torque_limits": 0.0, "eval/episode_rew_turn": 7.559543702964795, "eval/episode_rew_yaw": 21.86132656962197, "eval/episode_rew_z_vel_change": 6.385862862659221, "eval/episode_reward": 49.879414415329144, "eval/episode_step_count": 21945.0, "eval/avg_episode_length": 210.0, "eval/epoch_eval_time": 53.540180683135986, "eval/sps": 18.67756117444293, "steps": 0, "eval/best_reward": 49.879414415329144, "_timestamp": 1738677690.956564, "_runtime": 155.42251586914062, "_step": 1, "Render at step 0": {"_type": "html-file", "sha256": "263347a1f89aef71560e4f9d7cfe4b6f713432bf018bff479a77b47309617649", "size": 12107163, "path": "media/html/Render at step 0_1_263347a1f89aef71560e.html"}, "_wandb": {"runtime": 161}}