{"eval/walltime": 51.693464517593384, "eval/episode_forward_vel": -0.3231706410517032, "eval/episode_penalty_torque_lim": -0.04904961212760491, "eval/episode_rew_action": 0.0, "eval/episode_rew_ang_change": 53.00263708879581, "eval/episode_rew_ang_vel": 0.0, "eval/episode_rew_cosmetic": 0.0, "eval/episode_rew_energy": 0.14967041708909518, "eval/episode_rew_foot_z": 0.0, "eval/episode_rew_forward_vel": -138.998125183528, "eval/episode_rew_joint_acc": 0.0, "eval/episode_rew_joint_limits": 0.0, "eval/episode_rew_pitch": 53.48830098407339, "eval/episode_rew_roll": 53.25817621119339, "eval/episode_rew_side_motion": 70.04814851933934, "eval/episode_rew_torque_limits": 0.0, "eval/episode_rew_turn": 36.2385327185761, "eval/episode_rew_yaw": 13.300388211956545, "eval/episode_rew_z_vel_change": 25.6080771987316, "eval/episode_reward": 166.2419582101062, "eval/episode_step_count": 499500.0, "eval/avg_episode_length": 1000.0, "eval/epoch_eval_time": 51.693464517593384, "eval/sps": 19.344805176671017, "steps": 0, "eval/best_reward": 166.2419582101062, "_timestamp": 1738846310.4906201, "_runtime": 149.32105612754822, "_step": 1, "Render at step 0": {"_type": "html-file", "sha256": "76704d99610aa07fd318911968e115431782e5678998699882c33bb3c95e05c8", "size": 12078500, "path": "media/html/Render at step 0_1_76704d99610aa07fd318.html"}, "_wandb": {"runtime": 304}}