{"eval/walltime": 52.55598568916321, "eval/episode_forward_vel": -0.03400778108140551, "eval/episode_penalty_torque_lim": -43.442513122373086, "eval/episode_rew_action": 0.0, "eval/episode_rew_ang_change": 3.1017272224318226, "eval/episode_rew_ang_vel": 0.0, "eval/episode_rew_cosmetic": 0.0, "eval/episode_rew_energy": 0.0, "eval/episode_rew_foot_z": 0.0, "eval/episode_rew_forward_vel": -14.627002615658288, "eval/episode_rew_joint_acc": 0.0, "eval/episode_rew_joint_limits": 0.0, "eval/episode_rew_pitch": 3.7101872133812526, "eval/episode_rew_roll": 3.288378044859697, "eval/episode_rew_side_motion": 2.0790698304720108, "eval/episode_rew_torque_limits": 0.0, "eval/episode_rew_turn": 2.8204317167655044, "eval/episode_rew_yaw": 7.176026879844655, "eval/episode_rew_z_vel_change": 1.3139090941260807, "eval/episode_reward": -35.87623414028212, "eval/episode_step_count": 2485.0, "eval/avg_episode_length": 71.0, "eval/epoch_eval_time": 52.55598568916321, "eval/sps": 19.02732841725001, "steps": 0, "eval/best_reward": -35.87623414028212, "_timestamp": 1738674064.725835, "_runtime": 129.48837399482727, "_step": 1, "Render at step 0": {"_type": "html-file", "sha256": "6dbf889142225b379a85541716cbf7411cb0a7174e1866d792c96d8643ff54ae", "size": 12096250, "path": "media/html/Render at step 0_1_6dbf889142225b379a85.html"}, "_wandb": {"runtime": 273}}