{"eval/walltime": 53.26363706588745, "eval/episode_forward_vel": -0.052941568875490674, "eval/episode_penalty_torque_lim": -2.7555983634206895e-05, "eval/episode_rew_action": 0.0, "eval/episode_rew_ang_change": 8.489807253464337, "eval/episode_rew_ang_vel": 0.0, "eval/episode_rew_cosmetic": 0.0, "eval/episode_rew_energy": 0.09776700452355715, "eval/episode_rew_foot_z": 0.0, "eval/episode_rew_forward_vel": -22.770567258275552, "eval/episode_rew_joint_acc": 0.0, "eval/episode_rew_joint_limits": 0.0, "eval/episode_rew_pitch": 7.109040572374191, "eval/episode_rew_roll": 8.682981531584364, "eval/episode_rew_side_motion": 14.24973310562213, "eval/episode_rew_torque_limits": 0.0, "eval/episode_rew_turn": 3.7985521490093586, "eval/episode_rew_yaw": 8.097360058901483, "eval/episode_rew_z_vel_change": 5.1058787530576195, "eval/episode_reward": 31.867978941792046, "eval/episode_step_count": 13366.0, "eval/avg_episode_length": 164.0, "eval/epoch_eval_time": 53.26363706588745, "eval/sps": 18.77453465603548, "steps": 0, "eval/best_reward": 31.867978941792046, "_timestamp": 1738838390.8403497, "_runtime": 154.9187467098236, "_step": 1, "Render at step 0": {"_type": "html-file", "sha256": "fbf2e7fea4cbc06428eff60ab7f16aea251fa0ea2edda66d093c1f5579d6fdd4", "size": 12103321, "path": "media/html/Render at step 0_1_fbf2e7fea4cbc06428ef.html"}, "_wandb": {"runtime": 218}}