{"eval/walltime": 52.47095012664795, "eval/episode_forward_vel": -0.3349250937050186, "eval/episode_penalty_torque_lim": -0.00602306877895051, "eval/episode_rew_action": 0.0, "eval/episode_rew_ang_change": 53.133943229692704, "eval/episode_rew_ang_vel": 0.0, "eval/episode_rew_cosmetic": 0.0, "eval/episode_rew_energy": 0.04717898972045649, "eval/episode_rew_foot_z": 0.0, "eval/episode_rew_forward_vel": -144.053803744094, "eval/episode_rew_joint_acc": 0.0, "eval/episode_rew_joint_limits": 0.0, "eval/episode_rew_pitch": 53.53430918168472, "eval/episode_rew_roll": 53.4114163787182, "eval/episode_rew_side_motion": 89.93540335354693, "eval/episode_rew_torque_limits": 0.0, "eval/episode_rew_turn": 30.81847100165506, "eval/episode_rew_yaw": 8.098465455867784, "eval/episode_rew_z_vel_change": 25.552682205688765, "eval/episode_reward": 170.64469719321033, "eval/episode_step_count": 499500.0, "eval/avg_episode_length": 1000.0, "eval/epoch_eval_time": 52.47095012664795, "eval/sps": 19.058164519344942, "steps": 0, "eval/best_reward": 170.64469719321033, "_timestamp": 1738851100.1980848, "_runtime": 152.70805287361145, "_step": 1, "Render at step 0": {"_type": "html-file", "sha256": "f923d87d8c7c46921bf5720c9d6c0a641ec1ea08c0bf08d45748e62519b81a0a", "size": 12075190, "path": "media/html/Render at step 0_1_f923d87d8c7c46921bf5.html"}, "_wandb": {"runtime": 215}}