{"eval/walltime": 313.9011461734772, "eval/episode_forward_vel": 0.17685676646854281, "eval/episode_penalty_torque_lim": -2.4920657088197817, "eval/episode_rew_action": 0.0, "eval/episode_rew_ang_change": 24.744136720360995, "eval/episode_rew_ang_vel": 0.0, "eval/episode_rew_cosmetic": 0.0, "eval/episode_rew_energy": 0.02779513387091517, "eval/episode_rew_foot_z": 0.0, "eval/episode_rew_forward_vel": 76.06742643808285, "eval/episode_rew_joint_acc": 0.0, "eval/episode_rew_joint_limits": 0.0, "eval/episode_rew_pitch": 27.194576682853054, "eval/episode_rew_roll": 24.980136522859635, "eval/episode_rew_side_motion": 25.67823276784209, "eval/episode_rew_torque_limits": 0.0, "eval/episode_rew_turn": 20.253089790170115, "eval/episode_rew_yaw": 39.99167501811931, "eval/episode_rew_z_vel_change": 14.014129405006983, "eval/episode_reward": 249.96838565183356, "eval/episode_step_count": 138075.0, "eval/avg_episode_length": 526.0, "eval/epoch_eval_time": 29.958903551101685, "eval/sps": 33.379058692661225, "steps": 10000.0, "eval/best_reward": 299.5898224312598, "_timestamp": 1737761225.8134189, "_runtime": 34593.19228577614, "_step": 10, "Render at step 0": {"_type": "html-file", "sha256": "25d387d848179b6bb8dbf28c8ff285df27d0f43684f8de688989aede109dad6c", "size": 31544311, "path": "media/html/Render at step 0_1_25d387d848179b6bb8db.html"}, "training/sps": 0.1844317169009308, "training/walltime": 34111.68802976608, "training/model_train_time": 3470.73433637619, "training/other_time": 1950.4969050884247, "training/model_horizon": 16, "training/hallucination_updates_per_training_step": 1000, "training/env_buffer_size": 10000, "model/train_total_loss": -64.97724534217026, "model/train_mean_loss": 0.00019028017348834934, "model/test_total_loss": -64.45448971404578, "model/test_mean_loss": 0.0002769542923934626, "model/train_epochs": 275, "model/sec_per_epoch": 12.61245704390786, "sac/actor_loss": -26.15285064267152, "sac/alpha": 0.026400737464427948, "sac/alpha_loss": 6.570273285839623e-06, "sac/buffer_current_size": 400000.03125, "sac/critic_loss": 0.08956330065301214, "_wandb": {"runtime": 34984}}