{"eval/walltime": 54.9524986743927, "eval/episode_forward_vel": -0.1401245841846731, "eval/episode_penalty_torque_lim": -1.8708284402695327e-07, "eval/episode_rew_action": 0.0, "eval/episode_rew_ang_change": 52.97526703270902, "eval/episode_rew_ang_vel": 0.0, "eval/episode_rew_cosmetic": 0.0, "eval/episode_rew_energy": 1.2919464064453758, "eval/episode_rew_foot_z": 0.0, "eval/episode_rew_forward_vel": -60.26863835899916, "eval/episode_rew_joint_acc": 0.0, "eval/episode_rew_joint_limits": 0.0, "eval/episode_rew_pitch": 49.970577267135674, "eval/episode_rew_roll": 53.43203534241978, "eval/episode_rew_side_motion": 76.49875750089261, "eval/episode_rew_torque_limits": 0.0, "eval/episode_rew_turn": 53.74254459695039, "eval/episode_rew_yaw": 57.70938573276522, "eval/episode_rew_z_vel_change": 30.79736401028308, "eval/episode_reward": 316.380130153425, "eval/episode_step_count": 499500.0, "eval/avg_episode_length": 1000.0, "eval/epoch_eval_time": 54.9524986743927, "eval/sps": 18.19753467308648, "steps": 0, "eval/best_reward": 316.380130153425, "_timestamp": 1738844037.9996064, "_runtime": 160.13305640220642, "_step": 1, "Render at step 0": {"_type": "html-file", "sha256": "3fead29570790551aa4d3c5feb5cdeca63f759603cfc26186e64f472009f12e5", "size": 12090743, "path": "media/html/Render at step 0_1_3fead29570790551aa4d.html"}, "_wandb": {"runtime": 227}}