{"eval/walltime": 55.09988045692444, "eval/episode_forward_vel": -0.29245890338826014, "eval/episode_penalty_torque_lim": -0.9820533453312361, "eval/episode_rew_action": 0.0, "eval/episode_rew_ang_change": 53.0626595904772, "eval/episode_rew_ang_vel": 0.0, "eval/episode_rew_cosmetic": 0.0, "eval/episode_rew_energy": 0.0774312092166048, "eval/episode_rew_foot_z": 0.0, "eval/episode_rew_forward_vel": -125.78877565086468, "eval/episode_rew_joint_acc": 0.0, "eval/episode_rew_joint_limits": 0.0, "eval/episode_rew_pitch": 53.51652452785845, "eval/episode_rew_roll": 53.13292676652701, "eval/episode_rew_side_motion": 81.66482442257137, "eval/episode_rew_torque_limits": 0.0, "eval/episode_rew_turn": 58.08670407383908, "eval/episode_rew_yaw": 26.972316590938487, "eval/episode_rew_z_vel_change": 24.716471673612897, "eval/episode_reward": 224.59397200989554, "eval/episode_step_count": 499500.0, "eval/avg_episode_length": 1000.0, "eval/epoch_eval_time": 55.09988045692444, "eval/sps": 18.14885970182408, "steps": 0, "eval/best_reward": 224.59397200989554, "_timestamp": 1738584599.88019, "_runtime": 155.7303318977356, "_step": 1, "Render at step 0": {"_type": "html-file", "sha256": "5fadfb866119a5e2e3c8c98c0556cb0172d090897dedb113ba416a7a58a4f7a3", "size": 12089549, "path": "media/html/Render at step 0_1_5fadfb866119a5e2e3c8.html"}, "_wandb": {"runtime": 223}}