{"eval/walltime": 15.209069728851318, "eval/episode_forward_vel": -3.547832199318974, "eval/episode_penalty_torque_lim": -1.857868112026566, "eval/episode_rew_action": 0.0, "eval/episode_rew_ang_change": 53.33259747358269, "eval/episode_rew_ang_vel": 0.0, "eval/episode_rew_cosmetic": 0.0, "eval/episode_rew_energy": 7.90573136793499, "eval/episode_rew_foot_z": 0.0, "eval/episode_rew_forward_vel": -1525.9493330404173, "eval/episode_rew_joint_acc": 0.0, "eval/episode_rew_joint_limits": 0.0, "eval/episode_rew_pitch": 52.79227516153926, "eval/episode_rew_roll": 53.018695950690194, "eval/episode_rew_side_motion": 11.379423340553114, "eval/episode_rew_torque_limits": 0.0, "eval/episode_rew_turn": 101.8939751222271, "eval/episode_rew_yaw": 107.05925532559526, "eval/episode_rew_z_vel_change": 19.931099810441594, "eval/episode_reward": -1122.8789373289935, "eval/episode_step_count": 499500.0, "eval/avg_episode_length": 1000.0, "eval/epoch_eval_time": 2.248826265335083, "eval/sps": 444.67641427649215, "steps": 2000.0, "eval/best_reward": -314.7474303533778, "_timestamp": 1738329967.4210527, "_runtime": 230.37509775161743, "_step": 3, "Render at step 0": {"_type": "html-file", "sha256": "891d0a6b211a9d8eb48c0cc8bdc11616abdb65374f3c6815b24523a172d0de58", "size": 12100216, "path": "media/html/Render at step 0_1_891d0a6b211a9d8eb48c.html"}, "training/sps": 7.843609258594795, "training/walltime": 127.49232745170593, "training/model_train_time": 87.87604212760925, "training/other_time": 38.78936243057251, "training/model_horizon": 1, "training/hallucination_updates_per_training_step": 10, "training/env_buffer_size": 2000, "model/train_total_loss": -51.957601836971484, "model/train_mean_loss": 0.014945174748634651, "model/test_total_loss": -52.5450776713053, "model/test_mean_loss": 0.014886185090265708, "model/train_epochs": 7, "model/sec_per_epoch": 12.327379499162946, "sac/actor_loss": 29.156534720316753, "sac/alpha": 0.9770506024360657, "sac/alpha_loss": 6.9941167523484395, "sac/buffer_current_size": 3600.0, "sac/critic_loss": 207.92089674203388, "Render at step 2000.0": {"_type": "html-file", "sha256": "51491b3a5f0dd93e097847e476db67360293930b73da223e14808f0c9abce43b", "size": 12112680, "path": "media/html/Render at step 2000.0_3_51491b3a5f0dd93e0978.html"}, "_wandb": {"runtime": 250}}