{"eval/walltime": 53.97345948219299, "eval/episode_forward_vel": -0.00030795736071896753, "eval/episode_penalty_torque_lim": -1.8425818611517941, "eval/episode_rew_action": 0.0, "eval/episode_rew_ang_change": 1.090918359486043, "eval/episode_rew_ang_vel": 0.0, "eval/episode_rew_cosmetic": 0.0, "eval/episode_rew_energy": 3.309656370825012e-13, "eval/episode_rew_foot_z": 0.0, "eval/episode_rew_forward_vel": -0.13245477880385692, "eval/episode_rew_joint_acc": 0.0, "eval/episode_rew_joint_limits": 0.0, "eval/episode_rew_pitch": 1.3604399649271102, "eval/episode_rew_roll": 0.807944644875944, "eval/episode_rew_side_motion": 1.0022035743001207, "eval/episode_rew_torque_limits": 0.0, "eval/episode_rew_turn": 0.2806407905097825, "eval/episode_rew_yaw": 2.215522213588966, "eval/episode_rew_z_vel_change": 0.5217578622227774, "eval/episode_reward": 4.342571219434093, "eval/episode_step_count": 406.0, "eval/avg_episode_length": 29.0, "eval/epoch_eval_time": 53.97345948219299, "eval/sps": 18.527624680606614, "steps": 0, "eval/best_reward": 4.342571219434093, "_timestamp": 1738674374.8444138, "_runtime": 136.93289875984192, "_step": 1, "Render at step 0": {"_type": "html-file", "sha256": "ddc964d46390744190eb8313d21ce3a98e9feaa24a5c2419db0a9c2c4770824f", "size": 12084984, "path": "media/html/Render at step 0_1_ddc964d46390744190eb.html"}, "_wandb": {"runtime": 205}}