{"eval/walltime": 54.53278422355652, "eval/episode_forward_vel": -0.04977010283342111, "eval/episode_penalty_torque_lim": -2.64253371931438e-05, "eval/episode_rew_action": 0.0, "eval/episode_rew_ang_change": 7.647690552309111, "eval/episode_rew_ang_vel": 0.0, "eval/episode_rew_cosmetic": 0.0, "eval/episode_rew_energy": 0.14639475711011074, "eval/episode_rew_foot_z": 0.0, "eval/episode_rew_forward_vel": -21.40649584233166, "eval/episode_rew_joint_acc": 0.0, "eval/episode_rew_joint_limits": 0.0, "eval/episode_rew_pitch": 6.169236991218242, "eval/episode_rew_roll": 7.7084844483960735, "eval/episode_rew_side_motion": 10.283962536024204, "eval/episode_rew_torque_limits": 0.0, "eval/episode_rew_turn": 4.586318892715256, "eval/episode_rew_yaw": 6.97161365287339, "eval/episode_rew_z_vel_change": 4.534113559951527, "eval/episode_reward": 25.47647533273858, "eval/episode_step_count": 10585.0, "eval/avg_episode_length": 146.0, "eval/epoch_eval_time": 54.53278422355652, "eval/sps": 18.337592958769747, "steps": 0, "eval/best_reward": 25.47647533273858, "_timestamp": 1738838880.155877, "_runtime": 157.87381410598755, "_step": 1, "Render at step 0": {"_type": "html-file", "sha256": "2383073b125d5f478c368979f132e5af678c3436db57a85bdc220da940618b79", "size": 12104182, "path": "media/html/Render at step 0_1_2383073b125d5f478c36.html"}, "_wandb": {"runtime": 550}}