{"eval/walltime": 54.41619634628296, "eval/episode_forward_vel": -0.1381490685064173, "eval/episode_penalty_torque_lim": -2.1162584776271647, "eval/episode_rew_action": 0.0, "eval/episode_rew_ang_change": 49.10372987785626, "eval/episode_rew_ang_vel": 0.0, "eval/episode_rew_cosmetic": 0.0, "eval/episode_rew_energy": 0.012522513014589799, "eval/episode_rew_foot_z": 0.0, "eval/episode_rew_forward_vel": -59.41895419630852, "eval/episode_rew_joint_acc": 0.0, "eval/episode_rew_joint_limits": 0.0, "eval/episode_rew_pitch": 53.07933111641867, "eval/episode_rew_roll": 51.00537489513087, "eval/episode_rew_side_motion": 42.17311911083314, "eval/episode_rew_torque_limits": 0.0, "eval/episode_rew_turn": 59.68697954733189, "eval/episode_rew_yaw": 67.88320500095891, "eval/episode_rew_z_vel_change": 26.855688842573805, "eval/episode_reward": 288.4677326925407, "eval/episode_step_count": 499500.0, "eval/avg_episode_length": 1000.0, "eval/epoch_eval_time": 54.41619634628296, "eval/sps": 18.376881648184284, "steps": 0, "eval/best_reward": 288.4677326925407, "_timestamp": 1738579368.770183, "_runtime": 153.12502098083496, "_step": 1, "Render at step 0": {"_type": "html-file", "sha256": "bec10d2be8275599aeee146b0ae3fa4ce2b56db638daa4a7981be341e972f288", "size": 12093144, "path": "media/html/Render at step 0_1_bec10d2be8275599aeee.html"}, "_wandb": {"runtime": 219}}