{"eval/walltime": 226.91980910301208, "eval/episode_forward_vel": -0.01493458660658048, "eval/episode_penalty_torque_lim": -0.18256810065822798, "eval/episode_rew_action": 0.0, "eval/episode_rew_ang_change": 3.4972859040095257, "eval/episode_rew_ang_vel": 0.0, "eval/episode_rew_cosmetic": 0.0, "eval/episode_rew_energy": 0.006755214646496034, "eval/episode_rew_foot_z": 0.0, "eval/episode_rew_forward_vel": -6.423478110357195, "eval/episode_rew_joint_acc": 0.0, "eval/episode_rew_joint_limits": 0.0, "eval/episode_rew_pitch": 3.9026760302466017, "eval/episode_rew_roll": 2.777385861318576, "eval/episode_rew_side_motion": 4.327612322384897, "eval/episode_rew_torque_limits": 0.0, "eval/episode_rew_turn": 4.356976218718683, "eval/episode_rew_yaw": 7.685099616899015, "eval/episode_rew_z_vel_change": 1.9340350632967187, "eval/episode_reward": 21.031111245376533, "eval/episode_step_count": 2850.0, "eval/avg_episode_length": 76.0, "eval/epoch_eval_time": 30.709726095199585, "eval/sps": 32.56297359670413, "steps": 7000.0, "eval/best_reward": 307.86821411213833, "_timestamp": 1737639794.2899816, "_runtime": 15729.999665498734, "_step": 7, "Render at step 0": {"_type": "html-file", "sha256": "b3073a1b78526bda231073efae5c71c43997b25c5c48a540ed5ad5cf9ff232b4", "size": 31544344, "path": "media/html/Render at step 0_1_b3073a1b78526bda2310.html"}, "training/sps": 0.20089530256187008, "training/walltime": 15334.295955896378, "training/model_train_time": 3268.29354929924, "training/other_time": 1708.585063457489, "training/model_horizon": 10, "training/hallucination_updates_per_training_step": 1000, "training/env_buffer_size": 7000, "model/train_total_loss": -65.41219353460488, "model/train_mean_loss": 0.00014356536092178788, "model/test_total_loss": -65.2498848855517, "model/test_mean_loss": 0.0002074619806542173, "model/train_epochs": 381, "model/sec_per_epoch": 8.572104335769893, "sac/actor_loss": -26.536557633088407, "sac/alpha": 0.025769593194127083, "sac/alpha_loss": 2.2857742262636997e-05, "sac/buffer_current_size": 400000.03125, "sac/critic_loss": 0.03831191635307782, "_wandb": {"runtime": 15792}}