{"eval/walltime": 53.61343312263489, "eval/episode_forward_vel": -0.06598962714087492, "eval/episode_penalty_torque_lim": -0.0006178674991373619, "eval/episode_rew_action": 0.0, "eval/episode_rew_ang_change": 9.225845530079447, "eval/episode_rew_ang_vel": 0.0, "eval/episode_rew_cosmetic": 0.0, "eval/episode_rew_energy": 0.4919051889830425, "eval/episode_rew_foot_z": 0.0, "eval/episode_rew_forward_vel": -28.382635329408554, "eval/episode_rew_joint_acc": 0.0, "eval/episode_rew_joint_limits": 0.0, "eval/episode_rew_pitch": 8.917590922627621, "eval/episode_rew_roll": 7.921512651938467, "eval/episode_rew_side_motion": 8.933165806300089, "eval/episode_rew_torque_limits": 0.0, "eval/episode_rew_turn": 11.098918685917287, "eval/episode_rew_yaw": 17.932058771051604, "eval/episode_rew_z_vel_change": 5.464036863547352, "eval/episode_reward": 40.47954017356428, "eval/episode_step_count": 15753.0, "eval/avg_episode_length": 178.0, "eval/epoch_eval_time": 53.61343312263489, "eval/sps": 18.652041881231685, "steps": 0, "eval/best_reward": 40.47954017356428, "_timestamp": 1738675799.0820053, "_runtime": 154.03748631477356, "_step": 1, "Render at step 0": {"_type": "html-file", "sha256": "f6d29338dd162907f0b835466c68f034cf8dcfe55c2a7eb8108a31cdc77eb44a", "size": 12104825, "path": "media/html/Render at step 0_1_f6d29338dd162907f0b8.html"}, "_wandb": {"runtime": 306}}