{"eval/walltime": 53.896199464797974, "eval/episode_forward_vel": -0.047279628239049305, "eval/episode_penalty_torque_lim": -0.028203729914412737, "eval/episode_rew_action": 0.0, "eval/episode_rew_ang_change": 7.570387448609852, "eval/episode_rew_ang_vel": 0.0, "eval/episode_rew_cosmetic": 0.0, "eval/episode_rew_energy": 0.24242101793665688, "eval/episode_rew_foot_z": 0.0, "eval/episode_rew_forward_vel": -20.335323973784618, "eval/episode_rew_joint_acc": 0.0, "eval/episode_rew_joint_limits": 0.0, "eval/episode_rew_pitch": 7.518155487584766, "eval/episode_rew_roll": 6.5479495151829, "eval/episode_rew_side_motion": 6.244541079957137, "eval/episode_rew_torque_limits": 0.0, "eval/episode_rew_turn": 7.553445920566571, "eval/episode_rew_yaw": 14.068333479695024, "eval/episode_rew_z_vel_change": 4.456758481731097, "eval/episode_reward": 32.65795427273298, "eval/episode_step_count": 10878.0, "eval/avg_episode_length": 148.0, "eval/epoch_eval_time": 53.896199464797974, "eval/sps": 18.554183967148646, "steps": 0, "eval/best_reward": 32.65795427273298, "_timestamp": 1738675543.0070307, "_runtime": 156.90663480758667, "_step": 1, "Render at step 0": {"_type": "html-file", "sha256": "aea357fa4e256ee78a1fecc4a7672a6d3006885699ab0ded1e3f36e5465523fa", "size": 12108183, "path": "media/html/Render at step 0_1_aea357fa4e256ee78a1f.html"}, "_wandb": {"runtime": 165}}