{"eval/walltime": 53.26625943183899, "eval/episode_forward_vel": -0.3868114081904952, "eval/episode_penalty_torque_lim": -1.2193184287984649, "eval/episode_rew_action": 0.0, "eval/episode_rew_ang_change": 51.841980518360074, "eval/episode_rew_ang_vel": 0.0, "eval/episode_rew_cosmetic": 0.0, "eval/episode_rew_energy": 0.023294274767726542, "eval/episode_rew_foot_z": 0.0, "eval/episode_rew_forward_vel": -166.37049814645053, "eval/episode_rew_joint_acc": 0.0, "eval/episode_rew_joint_limits": 0.0, "eval/episode_rew_pitch": 53.06054868385811, "eval/episode_rew_roll": 52.4201512557443, "eval/episode_rew_side_motion": 46.89970706654924, "eval/episode_rew_torque_limits": 0.0, "eval/episode_rew_turn": 43.31326836942862, "eval/episode_rew_yaw": 8.935791736093929, "eval/episode_rew_z_vel_change": 25.48394539423578, "eval/episode_reward": 114.57394759069436, "eval/episode_step_count": 499500.0, "eval/avg_episode_length": 1000.0, "eval/epoch_eval_time": 53.26625943183899, "eval/sps": 18.773610361726792, "steps": 0, "eval/best_reward": 114.57394759069436, "_timestamp": 1738851534.4214432, "_runtime": 148.65674018859863, "_step": 1, "Render at step 0": {"_type": "html-file", "sha256": "044e23b13a83954649b6049465f4e920faa48fc2361152fddfced7824ce51acc", "size": 12074067, "path": "media/html/Render at step 0_1_044e23b13a83954649b6.html"}, "_wandb": {"runtime": 299}}