{"eval/walltime": 42.4581196308136, "eval/episode_forward_vel": -0.10551498134871282, "eval/episode_penalty_torque_lim": -0.10828210980306235, "eval/episode_rew_action": 0.0, "eval/episode_rew_ang_change": 52.479848833425805, "eval/episode_rew_ang_vel": 0.0, "eval/episode_rew_cosmetic": 0.0, "eval/episode_rew_energy": 0.4554750943186407, "eval/episode_rew_foot_z": 0.0, "eval/episode_rew_forward_vel": -45.382787676865725, "eval/episode_rew_joint_acc": 0.0, "eval/episode_rew_joint_limits": 0.0, "eval/episode_rew_pitch": 53.2669572599868, "eval/episode_rew_roll": 52.90835006272845, "eval/episode_rew_side_motion": 59.15280759328582, "eval/episode_rew_torque_limits": 0.0, "eval/episode_rew_turn": 65.51673782369433, "eval/episode_rew_yaw": 6.678127439176376, "eval/episode_rew_z_vel_change": 26.40847231023729, "eval/episode_reward": 271.545028967786, "eval/episode_step_count": 499500.0, "eval/avg_episode_length": 1000.0, "eval/epoch_eval_time": 42.4581196308136, "eval/sps": 23.552620999123544, "steps": 0, "eval/best_reward": 271.545028967786, "_timestamp": 1738333127.8080163, "_runtime": 153.01440739631653, "_step": 1, "Render at step 0": {"_type": "html-file", "sha256": "d282821e549c805702b46fcf370989306cafba81e2258c9ccff973ba39508468", "size": 31544367, "path": "media/html/Render at step 0_1_d282821e549c805702b4.html"}, "_wandb": {"runtime": 206}}