{"eval/walltime": 54.13733744621277, "eval/episode_forward_vel": -0.25361147562087244, "eval/episode_penalty_torque_lim": -16.04132773836717, "eval/episode_rew_action": 0.0, "eval/episode_rew_ang_change": 50.815746222764695, "eval/episode_rew_ang_vel": 0.0, "eval/episode_rew_cosmetic": 0.0, "eval/episode_rew_energy": 0.007973751181995066, "eval/episode_rew_foot_z": 0.0, "eval/episode_rew_forward_vel": -109.0802045681172, "eval/episode_rew_joint_acc": 0.0, "eval/episode_rew_joint_limits": 0.0, "eval/episode_rew_pitch": 51.88636592293553, "eval/episode_rew_roll": 50.61144017976614, "eval/episode_rew_side_motion": 41.270306882183206, "eval/episode_rew_torque_limits": 0.0, "eval/episode_rew_turn": 46.84839046589633, "eval/episode_rew_yaw": 9.46769370151319, "eval/episode_rew_z_vel_change": 25.972111530719484, "eval/episode_reward": 151.88396376515783, "eval/episode_step_count": 499500.0, "eval/avg_episode_length": 1000.0, "eval/epoch_eval_time": 54.13733744621277, "eval/sps": 18.47154010840546, "steps": 0, "eval/best_reward": 151.88396376515783, "_timestamp": 1738580077.1548514, "_runtime": 154.89435648918152, "_step": 1, "Render at step 0": {"_type": "html-file", "sha256": "085908da3dbcc2a0f499042299b987f20ae56bcfdf38c737b0dc02d2f7911ffc", "size": 12081556, "path": "media/html/Render at step 0_1_085908da3dbcc2a0f499.html"}, "_wandb": {"runtime": 581}}