{"eval/walltime": 54.57314658164978, "eval/episode_forward_vel": -0.013700643453495639, "eval/episode_penalty_torque_lim": -140.07850601273148, "eval/episode_rew_action": 0.0, "eval/episode_rew_ang_change": 1.7727345278950015, "eval/episode_rew_ang_vel": 0.0, "eval/episode_rew_cosmetic": 0.0, "eval/episode_rew_energy": 0.0, "eval/episode_rew_foot_z": 0.0, "eval/episode_rew_forward_vel": -5.892749872471241, "eval/episode_rew_joint_acc": 0.0, "eval/episode_rew_joint_limits": 0.0, "eval/episode_rew_pitch": 2.3416733901976334, "eval/episode_rew_roll": 1.8842474769014501, "eval/episode_rew_side_motion": 1.3227834167307313, "eval/episode_rew_torque_limits": 0.0, "eval/episode_rew_turn": 0.9910721143947439, "eval/episode_rew_yaw": 1.7958005071263936, "eval/episode_rew_z_vel_change": 0.9490210894093342, "eval/episode_reward": -139.0425774956503, "eval/episode_step_count": 1378.0, "eval/avg_episode_length": 53.0, "eval/epoch_eval_time": 54.57314658164978, "eval/sps": 18.32403045523217, "steps": 0, "eval/best_reward": -139.0425774956503, "_timestamp": 1738923623.6000006, "_runtime": 71.50235056877136, "_step": 0, "_wandb": {"runtime": 88}}