{"eval/walltime": 55.23758101463318, "eval/episode_forward_vel": -0.29244237371276166, "eval/episode_penalty_torque_lim": -0.9820337685591486, "eval/episode_rew_action": 0.0, "eval/episode_rew_ang_change": 53.062454827845265, "eval/episode_rew_ang_vel": 0.0, "eval/episode_rew_cosmetic": 0.0, "eval/episode_rew_energy": 0.07761423250426712, "eval/episode_rew_foot_z": 0.0, "eval/episode_rew_forward_vel": -125.78166611301556, "eval/episode_rew_joint_acc": 0.0, "eval/episode_rew_joint_limits": 0.0, "eval/episode_rew_pitch": 53.51657659552401, "eval/episode_rew_roll": 53.13361711946757, "eval/episode_rew_side_motion": 81.73355127754974, "eval/episode_rew_torque_limits": 0.0, "eval/episode_rew_turn": 58.03108411836889, "eval/episode_rew_yaw": 26.96959591369495, "eval/episode_rew_z_vel_change": 24.718005844756092, "eval/episode_reward": 224.61278620093427, "eval/episode_step_count": 499500.0, "eval/avg_episode_length": 1000.0, "eval/epoch_eval_time": 55.23758101463318, "eval/sps": 18.10361680637475, "steps": 0, "eval/best_reward": 224.61278620093427, "_timestamp": 1738582723.0697672, "_runtime": 155.65163230895996, "_step": 1, "Render at step 0": {"_type": "html-file", "sha256": "297bec2872a0b85e3e377df55d0a3bd78f6b3abf6020fcdbf073a0b0ee9cf57f", "size": 12089662, "path": "media/html/Render at step 0_1_297bec2872a0b85e3e37.html"}, "_wandb": {"runtime": 226}}