{"eval/walltime": 51.91355919837952, "eval/episode_forward_vel": -0.05214837343498828, "eval/episode_penalty_torque_lim": -13.524201459512474, "eval/episode_rew_action": 0.0, "eval/episode_rew_ang_change": 5.5000867985291295, "eval/episode_rew_ang_vel": 0.0, "eval/episode_rew_cosmetic": 0.0, "eval/episode_rew_energy": 1.2646393726837218e-20, "eval/episode_rew_foot_z": 0.0, "eval/episode_rew_forward_vel": -22.429407929027207, "eval/episode_rew_joint_acc": 0.0, "eval/episode_rew_joint_limits": 0.0, "eval/episode_rew_pitch": 6.291575053950611, "eval/episode_rew_roll": 5.040503442545218, "eval/episode_rew_side_motion": 2.5497268399269117, "eval/episode_rew_torque_limits": 0.0, "eval/episode_rew_turn": 2.7709016213828126, "eval/episode_rew_yaw": 3.516796766828684, "eval/episode_rew_z_vel_change": 2.7367499575413508, "eval/episode_reward": -9.02609483257265, "eval/episode_step_count": 7750.0, "eval/avg_episode_length": 125.0, "eval/epoch_eval_time": 51.91355919837952, "eval/sps": 19.262790212064964, "steps": 0, "eval/best_reward": -9.02609483257265, "_timestamp": 1738845618.577494, "_runtime": 140.2485339641571, "_step": 1, "Render at step 0": {"_type": "html-file", "sha256": "9cb0d8b510cb8a90da5710854a8927865a6efc09a9bbb665d32173fd89a5aa5d", "size": 12094287, "path": "media/html/Render at step 0_1_9cb0d8b510cb8a90da57.html"}, "_wandb": {"runtime": 285}}