{"eval/walltime": 52.03033423423767, "eval/episode_forward_vel": -0.07391526904838991, "eval/episode_penalty_torque_lim": -0.14513602277006485, "eval/episode_rew_action": 0.0, "eval/episode_rew_ang_change": 10.313393645516479, "eval/episode_rew_ang_vel": 0.0, "eval/episode_rew_cosmetic": 0.0, "eval/episode_rew_energy": 0.526452020419584, "eval/episode_rew_foot_z": 0.0, "eval/episode_rew_forward_vel": -31.79151356919994, "eval/episode_rew_joint_acc": 0.0, "eval/episode_rew_joint_limits": 0.0, "eval/episode_rew_pitch": 8.755311144330518, "eval/episode_rew_roll": 8.93592483075143, "eval/episode_rew_side_motion": 11.062164969523266, "eval/episode_rew_torque_limits": 0.0, "eval/episode_rew_turn": 6.420619891413677, "eval/episode_rew_yaw": 13.977547153702229, "eval/episode_rew_z_vel_change": 5.932439033452335, "eval/episode_reward": 32.7782848582108, "eval/episode_step_count": 19503.0, "eval/avg_episode_length": 198.0, "eval/epoch_eval_time": 52.03033423423767, "eval/sps": 19.219557489253397, "steps": 0, "eval/best_reward": 32.7782848582108, "_timestamp": 1738676477.4063349, "_runtime": 172.85836386680603, "_step": 1, "Render at step 0": {"_type": "html-file", "sha256": "ad7b5345ca43c6db2488803b4407f6cc138f4e0f7e2661d8cf557df5fdc4ed54", "size": 12105310, "path": "media/html/Render at step 0_1_ad7b5345ca43c6db2488.html"}, "_wandb": {"runtime": 215}}