{"eval/walltime": 51.67748832702637, "eval/episode_forward_vel": -0.3858576119392934, "eval/episode_penalty_torque_lim": -1.1667181424025865, "eval/episode_rew_action": 0.0, "eval/episode_rew_ang_change": 51.48345892752555, "eval/episode_rew_ang_vel": 0.0, "eval/episode_rew_cosmetic": 0.0, "eval/episode_rew_energy": 0.010531888917661845, "eval/episode_rew_foot_z": 0.0, "eval/episode_rew_forward_vel": -165.96026319969604, "eval/episode_rew_joint_acc": 0.0, "eval/episode_rew_joint_limits": 0.0, "eval/episode_rew_pitch": 53.012846819534985, "eval/episode_rew_roll": 52.219660761127685, "eval/episode_rew_side_motion": 40.85420486622944, "eval/episode_rew_torque_limits": 0.0, "eval/episode_rew_turn": 44.52917678204612, "eval/episode_rew_yaw": 8.932272045788698, "eval/episode_rew_z_vel_change": 25.450786191153618, "eval/episode_reward": 109.34583909126212, "eval/episode_step_count": 499500.0, "eval/avg_episode_length": 1000.0, "eval/epoch_eval_time": 51.67748832702637, "eval/sps": 19.350785658772402, "steps": 0, "eval/best_reward": 109.34583909126212, "_timestamp": 1738851325.2599828, "_runtime": 147.76466178894043, "_step": 1, "Render at step 0": {"_type": "html-file", "sha256": "f7e9ccdfe2b4508d370bf9a03948a6cd134f1acb544b26f8dc0d5c853236a040", "size": 12073768, "path": "media/html/Render at step 0_1_f7e9ccdfe2b4508d370b.html"}, "_wandb": {"runtime": 175}}