{"eval/walltime": 53.62259650230408, "eval/episode_forward_vel": -0.0665315002092281, "eval/episode_penalty_torque_lim": -0.0010797266362124463, "eval/episode_rew_action": 0.0, "eval/episode_rew_ang_change": 9.32581165983194, "eval/episode_rew_ang_vel": 0.0, "eval/episode_rew_cosmetic": 0.0, "eval/episode_rew_energy": 0.4645581197773542, "eval/episode_rew_foot_z": 0.0, "eval/episode_rew_forward_vel": -28.615699014721763, "eval/episode_rew_joint_acc": 0.0, "eval/episode_rew_joint_limits": 0.0, "eval/episode_rew_pitch": 8.969609573967245, "eval/episode_rew_roll": 8.005240454172265, "eval/episode_rew_side_motion": 8.235794036005801, "eval/episode_rew_torque_limits": 0.0, "eval/episode_rew_turn": 11.783361999587605, "eval/episode_rew_yaw": 18.710268887179236, "eval/episode_rew_z_vel_change": 5.573529310495154, "eval/episode_reward": 41.37063908868146, "eval/episode_step_count": 16110.0, "eval/avg_episode_length": 180.0, "eval/epoch_eval_time": 53.62259650230408, "eval/sps": 18.64885449843951, "steps": 0, "eval/best_reward": 41.37063908868146, "_timestamp": 1738676117.919316, "_runtime": 153.65934109687805, "_step": 1, "Render at step 0": {"_type": "html-file", "sha256": "61b4ab25ba008510ae6d6999967b73c4c9a779e6185f604d671bd40bed4b3a2c", "size": 12104443, "path": "media/html/Render at step 0_1_61b4ab25ba008510ae6d.html"}, "_wandb": {"runtime": 177}}