{"eval/walltime": 54.218424797058105, "eval/episode_forward_vel": -0.2924589033866356, "eval/episode_penalty_torque_lim": -0.9820533453307907, "eval/episode_rew_action": 0.0, "eval/episode_rew_ang_change": 53.062659590499166, "eval/episode_rew_ang_vel": 0.0, "eval/episode_rew_cosmetic": 0.0, "eval/episode_rew_energy": 0.07743120921944915, "eval/episode_rew_foot_z": 0.0, "eval/episode_rew_forward_vel": -125.78877565016566, "eval/episode_rew_joint_acc": 0.0, "eval/episode_rew_joint_limits": 0.0, "eval/episode_rew_pitch": 53.51652452787251, "eval/episode_rew_roll": 53.132926766627705, "eval/episode_rew_side_motion": 81.66482442229851, "eval/episode_rew_torque_limits": 0.0, "eval/episode_rew_turn": 58.0867040736093, "eval/episode_rew_yaw": 26.972316590898977, "eval/episode_rew_z_vel_change": 24.716471673677315, "eval/episode_reward": 224.5939720102453, "eval/episode_step_count": 499500.0, "eval/avg_episode_length": 1000.0, "eval/epoch_eval_time": 54.218424797058105, "eval/sps": 18.443914660801067, "steps": 0, "eval/best_reward": 224.5939720102453, "_timestamp": 1738583319.7108517, "_runtime": 151.6335186958313, "_step": 1, "Render at step 0": {"_type": "html-file", "sha256": "5a7e4db914c0835a17e0f08dc775b30c651e094b9b15def8d769de3c547f44ad", "size": 12089839, "path": "media/html/Render at step 0_1_5a7e4db914c0835a17e0.html"}, "_wandb": {"runtime": 240}}