{"eval/walltime": 128.90145802497864, "eval/episode_forward_vel": -0.018626422362554892, "eval/episode_penalty_torque_lim": -7.997933645681157, "eval/episode_rew_action": 0.0, "eval/episode_rew_ang_change": 51.81750627311435, "eval/episode_rew_ang_vel": 0.0, "eval/episode_rew_cosmetic": 0.0, "eval/episode_rew_energy": 0.37694907652928555, "eval/episode_rew_foot_z": 0.0, "eval/episode_rew_forward_vel": -8.011364457012869, "eval/episode_rew_joint_acc": 0.0, "eval/episode_rew_joint_limits": 0.0, "eval/episode_rew_pitch": 51.90661299914403, "eval/episode_rew_roll": 51.586743357094235, "eval/episode_rew_side_motion": 53.39762024142845, "eval/episode_rew_torque_limits": 0.0, "eval/episode_rew_turn": 48.84930643624199, "eval/episode_rew_yaw": 19.125710638873315, "eval/episode_rew_z_vel_change": 29.8524931031477, "eval/episode_reward": 291.19196939020213, "eval/episode_step_count": 499500.0, "eval/avg_episode_length": 1000.0, "eval/epoch_eval_time": 37.29309797286987, "eval/sps": 26.8146132758261, "steps": 3000.0, "eval/best_reward": 291.19196939020213, "_timestamp": 1738926614.6012065, "_runtime": 2438.4131445884705, "_step": 5, "Render at step 0": {"_type": "html-file", "sha256": "566e47046a210f76fde586cb011952208c36a8f41b13556184e7a485a7849f0f", "size": 12074304, "path": "media/html/Render at step 0_1_566e47046a210f76fde5.html"}, "training/sps": 0.9715454666076732, "training/walltime": 1976.5415863990784, "training/model_train_time": 661.2208249568939, "training/other_time": 367.23410868644714, "training/model_horizon": 2, "training/hallucination_updates_per_training_step": 257, "training/env_buffer_size": 3000, "model/train_total_loss": -64.1021016830333, "model/train_mean_loss": 0.0002347826722337516, "model/test_total_loss": -63.16816621670528, "model/test_mean_loss": 0.0002659033660092139, "model/train_epochs": 231, "model/sec_per_epoch": 2.8546788713116666, "sac/actor_loss": -10.07985342401201, "sac/alpha": 0.23927386105060577, "sac/alpha_loss": 1.912246880842853, "sac/buffer_current_size": 108129.1796875, "sac/critic_loss": 0.081434064070776, "Render at step 2000.0": {"_type": "html-file", "sha256": "824e6bb2f0ad98d323fbd539ed53e17031cfb76e0c754c75e030a9f94d780e5f", "size": 12091478, "path": "media/html/Render at step 2000.0_3_824e6bb2f0ad98d323fb.html"}, "Render at step 3000.0": {"_type": "html-file", "sha256": "f8a4b628d6f389e47cf0fdd650b5c8d2a04073d2b1c131ee90fcf00f02e12018", "size": 12090306, "path": "media/html/Render at step 3000.0_5_f8a4b628d6f389e47cf0.html"}}