{"eval/walltime": 13.772088766098022, "eval/episode_forward_vel": -1.6785681249748519, "eval/episode_penalty_torque_lim": -0.07537310209967092, "eval/episode_rew_action": 0.0, "eval/episode_rew_ang_change": 53.60815591517911, "eval/episode_rew_ang_vel": 0.0, "eval/episode_rew_cosmetic": 0.0, "eval/episode_rew_energy": 13.276373414123379, "eval/episode_rew_foot_z": 0.0, "eval/episode_rew_forward_vel": -721.9647849354209, "eval/episode_rew_joint_acc": 0.0, "eval/episode_rew_joint_limits": 0.0, "eval/episode_rew_pitch": 53.36149686279138, "eval/episode_rew_roll": 51.93569632579273, "eval/episode_rew_side_motion": 2.3074518090602756, "eval/episode_rew_torque_limits": 0.0, "eval/episode_rew_turn": 106.94462158723914, "eval/episode_rew_yaw": 106.4195563826234, "eval/episode_rew_z_vel_change": 20.005931351444204, "eval/episode_reward": -314.7474303533778, "eval/episode_step_count": 499500.0, "eval/avg_episode_length": 1000.0, "eval/epoch_eval_time": 13.772088766098022, "eval/sps": 72.61062697051763, "steps": 0, "eval/best_reward": -314.7474303533778, "_timestamp": 1738330298.3617992, "_runtime": 56.79871225357056, "_step": 1, "Render at step 0": {"_type": "html-file", "sha256": "e4439103dc5d6a106dfb9ecb367188c43c2530d5f33bf87c0be226a6fd995c0d", "size": 12100293, "path": "media/html/Render at step 0_1_e4439103dc5d6a106dfb.html"}, "_wandb": {"runtime": 183}}