{"eval/walltime": 52.521533727645874, "eval/episode_forward_vel": -0.05388920198468164, "eval/episode_penalty_torque_lim": -6.477695191187887e-06, "eval/episode_rew_action": 0.0, "eval/episode_rew_ang_change": 9.67078562294381, "eval/episode_rew_ang_vel": 0.0, "eval/episode_rew_cosmetic": 0.0, "eval/episode_rew_energy": 0.3430797683342339, "eval/episode_rew_foot_z": 0.0, "eval/episode_rew_forward_vel": -23.178151391260926, "eval/episode_rew_joint_acc": 0.0, "eval/episode_rew_joint_limits": 0.0, "eval/episode_rew_pitch": 8.017955231193675, "eval/episode_rew_roll": 9.746756860506645, "eval/episode_rew_side_motion": 13.225626533812601, "eval/episode_rew_torque_limits": 0.0, "eval/episode_rew_turn": 5.962861356584545, "eval/episode_rew_yaw": 13.767777215431742, "eval/episode_rew_z_vel_change": 5.721583205946026, "eval/episode_reward": 42.21763538245786, "eval/episode_step_count": 17020.0, "eval/avg_episode_length": 185.0, "eval/epoch_eval_time": 52.521533727645874, "eval/sps": 19.03980956050466, "steps": 0, "eval/best_reward": 42.21763538245786, "_timestamp": 1738837417.6399639, "_runtime": 154.72076797485352, "_step": 1, "Render at step 0": {"_type": "html-file", "sha256": "c4292abee73a32c375ea7f293d6ac82dc14a05902ab55ecaf3029593221c8e28", "size": 12105276, "path": "media/html/Render at step 0_1_c4292abee73a32c375ea.html"}, "_wandb": {"runtime": 373}}