{"eval/walltime": 135.18909096717834, "eval/episode_forward_vel": 0.0013665157104058004, "eval/episode_penalty_torque_lim": -1.2470078536855016, "eval/episode_rew_action": 0.0, "eval/episode_rew_ang_change": 3.972560967802487, "eval/episode_rew_ang_vel": 0.0, "eval/episode_rew_cosmetic": 0.0, "eval/episode_rew_energy": 2.0387435273167664e-05, "eval/episode_rew_foot_z": 0.0, "eval/episode_rew_forward_vel": 0.5877486926476561, "eval/episode_rew_joint_acc": 0.0, "eval/episode_rew_joint_limits": 0.0, "eval/episode_rew_pitch": 4.299657981242346, "eval/episode_rew_roll": 3.901367673973294, "eval/episode_rew_side_motion": 3.1335192870377933, "eval/episode_rew_torque_limits": 0.0, "eval/episode_rew_turn": 2.5567947113105447, "eval/episode_rew_yaw": 3.904756629052334, "eval/episode_rew_z_vel_change": 1.7205312959144659, "eval/episode_reward": 21.828194199620732, "eval/episode_step_count": 3655.0, "eval/avg_episode_length": 86.0, "eval/epoch_eval_time": 30.523707628250122, "eval/sps": 32.76141981763991, "steps": 4000.0, "eval/best_reward": 319.8091540167656, "_timestamp": 1737554685.2224286, "_runtime": 2137.438647508621, "_step": 4, "Render at step 0": {"_type": "html-file", "sha256": "bf716278183abbb6cb727652a6557f59a17ebe465e87e1ef0fb16965da4fc5c7", "size": 31544105, "path": "media/html/Render at step 0_1_bf716278183abbb6cb72.html"}, "training/sps": 0.9638709835106927, "training/walltime": 1834.2769899368286, "training/model_train_time": 263.97130942344666, "training/other_time": 772.6612277030945, "training/model_horizon": 4, "training/hallucination_updates_per_training_step": 505, "training/env_buffer_size": 4000, "model/train_total_loss": -66.13320372899933, "model/train_mean_loss": 0.00015537093415166894, "model/test_total_loss": -59.31326776773764, "model/test_mean_loss": 0.00042523588348660065, "model/train_epochs": 219, "model/sec_per_epoch": 1.1958482069511935, "sac/actor_loss": -12.654908450617375, "sac/alpha": 0.038652319461107254, "sac/alpha_loss": 0.0011981682535699807, "sac/buffer_current_size": 377045.5625, "sac/critic_loss": 0.018860407563682895, "_wandb": {"runtime": 2146}}