{"eval/walltime": 53.97777581214905, "eval/episode_forward_vel": -0.022841111835993595, "eval/episode_penalty_torque_lim": -0.0002460698224062533, "eval/episode_rew_action": 0.0, "eval/episode_rew_ang_change": 4.180868896093328, "eval/episode_rew_ang_vel": 0.0, "eval/episode_rew_cosmetic": 0.0, "eval/episode_rew_energy": 0.07782320644804867, "eval/episode_rew_foot_z": 0.0, "eval/episode_rew_forward_vel": -9.824134123007996, "eval/episode_rew_joint_acc": 0.0, "eval/episode_rew_joint_limits": 0.0, "eval/episode_rew_pitch": 4.471146819501245, "eval/episode_rew_roll": 3.5315412529276453, "eval/episode_rew_side_motion": 1.1702728648722436, "eval/episode_rew_torque_limits": 0.0, "eval/episode_rew_turn": 6.290982567276832, "eval/episode_rew_yaw": 8.842361777924769, "eval/episode_rew_z_vel_change": 2.1378342430880903, "eval/episode_reward": 20.030164498215104, "eval/episode_step_count": 3570.0, "eval/avg_episode_length": 85.0, "eval/epoch_eval_time": 53.97777581214905, "eval/sps": 18.5261431200899, "steps": 0, "eval/best_reward": 20.030164498215104, "_timestamp": 1738672149.1037304, "_runtime": 140.01491141319275, "_step": 1, "Render at step 0": {"_type": "html-file", "sha256": "122139745bc0061cf090a9fe379735ba75d5950e558e95a16887509a95bed37b", "size": 12099202, "path": "media/html/Render at step 0_1_122139745bc0061cf090.html"}, "_wandb": {"runtime": 434}}