{"eval/walltime": 42.70713710784912, "eval/episode_forward_vel": -0.10860923714007888, "eval/episode_penalty_torque_lim": -0.10797279306232888, "eval/episode_rew_action": 0.0, "eval/episode_rew_ang_change": 52.49267436488935, "eval/episode_rew_ang_vel": 0.0, "eval/episode_rew_cosmetic": 0.0, "eval/episode_rew_energy": 0.4366861968015571, "eval/episode_rew_foot_z": 0.0, "eval/episode_rew_forward_vel": -46.7136503828296, "eval/episode_rew_joint_acc": 0.0, "eval/episode_rew_joint_limits": 0.0, "eval/episode_rew_pitch": 53.273231642007744, "eval/episode_rew_roll": 52.95435188883381, "eval/episode_rew_side_motion": 60.4525173428356, "eval/episode_rew_torque_limits": 0.0, "eval/episode_rew_turn": 65.55468316126772, "eval/episode_rew_yaw": 6.676719051373314, "eval/episode_rew_z_vel_change": 26.430049023063376, "eval/episode_reward": 271.56760586399474, "eval/episode_step_count": 499500.0, "eval/avg_episode_length": 1000.0, "eval/epoch_eval_time": 42.70713710784912, "eval/sps": 23.415289989461986, "steps": 0, "eval/best_reward": 271.56760586399474, "_timestamp": 1737794419.6557484, "_runtime": 151.46036744117737, "_step": 1, "Render at step 0": {"_type": "html-file", "sha256": "7c6a88df2b23bf472ef615859747d9ddcb470c8aeb3d773ecf5f704f7d94592b", "size": 31544326, "path": "media/html/Render at step 0_1_7c6a88df2b23bf472ef6.html"}, "_wandb": {"runtime": 291}}