{"eval/walltime": 55.427857637405396, "eval/episode_forward_vel": -0.06335670843476768, "eval/episode_penalty_torque_lim": -0.000820432870250409, "eval/episode_rew_action": 0.0, "eval/episode_rew_ang_change": 10.957593143837133, "eval/episode_rew_ang_vel": 0.0, "eval/episode_rew_cosmetic": 0.0, "eval/episode_rew_energy": 0.9242488579905682, "eval/episode_rew_foot_z": 0.0, "eval/episode_rew_forward_vel": -27.250197176244146, "eval/episode_rew_joint_acc": 0.0, "eval/episode_rew_joint_limits": 0.0, "eval/episode_rew_pitch": 10.038879257903135, "eval/episode_rew_roll": 9.840742298438803, "eval/episode_rew_side_motion": 10.703884460474924, "eval/episode_rew_torque_limits": 0.0, "eval/episode_rew_turn": 7.559786865830646, "eval/episode_rew_yaw": 21.861323624271414, "eval/episode_rew_z_vel_change": 6.385900869576943, "eval/episode_reward": 49.88017973711793, "eval/episode_step_count": 21945.0, "eval/avg_episode_length": 210.0, "eval/epoch_eval_time": 55.427857637405396, "eval/sps": 18.0414694455943, "steps": 0, "eval/best_reward": 49.88017973711793, "_timestamp": 1738677924.8435934, "_runtime": 195.5694522857666, "_step": 1, "Render at step 0": {"_type": "html-file", "sha256": "b54dd57904efd89043d969dd969243fb9be2c69bd625903f8ad486f2e570b782", "size": 12107269, "path": "media/html/Render at step 0_1_b54dd57904efd89043d9.html"}, "_wandb": {"runtime": 218}}