{"eval/walltime": 52.55237007141113, "eval/episode_forward_vel": -0.1151575118305514, "eval/episode_penalty_torque_lim": -2.6059107196171074, "eval/episode_rew_action": 0.0, "eval/episode_rew_ang_change": 48.356129086244835, "eval/episode_rew_ang_vel": 0.0, "eval/episode_rew_cosmetic": 0.0, "eval/episode_rew_energy": 0.017437172732080248, "eval/episode_rew_foot_z": 0.0, "eval/episode_rew_forward_vel": -49.5301126152909, "eval/episode_rew_joint_acc": 0.0, "eval/episode_rew_joint_limits": 0.0, "eval/episode_rew_pitch": 52.88085191994428, "eval/episode_rew_roll": 50.335902450960745, "eval/episode_rew_side_motion": 39.764873435125466, "eval/episode_rew_torque_limits": 0.0, "eval/episode_rew_turn": 61.62601335359032, "eval/episode_rew_yaw": 76.07553182753998, "eval/episode_rew_z_vel_change": 26.629111393437285, "eval/episode_reward": 303.81475530250265, "eval/episode_step_count": 499500.0, "eval/avg_episode_length": 1000.0, "eval/epoch_eval_time": 52.55237007141113, "eval/sps": 19.028637502764262, "steps": 0, "eval/best_reward": 303.81475530250265, "_timestamp": 1738578814.9114287, "_runtime": 148.8998577594757, "_step": 1, "Render at step 0": {"_type": "html-file", "sha256": "918fbb70cc5b0311229356bbb6bee84265d35eeffc22934978616433f0ddfe39", "size": 12090899, "path": "media/html/Render at step 0_1_918fbb70cc5b03112293.html"}, "_wandb": {"runtime": 212}}