{"eval/walltime": 52.70804023742676, "eval/episode_forward_vel": -0.0447872186582511, "eval/episode_penalty_torque_lim": -4.292737405645957e-05, "eval/episode_rew_action": 0.0, "eval/episode_rew_ang_change": 7.153852902928456, "eval/episode_rew_ang_vel": 0.0, "eval/episode_rew_cosmetic": 0.0, "eval/episode_rew_energy": 0.15220734959464716, "eval/episode_rew_foot_z": 0.0, "eval/episode_rew_forward_vel": -19.26331985301123, "eval/episode_rew_joint_acc": 0.0, "eval/episode_rew_joint_limits": 0.0, "eval/episode_rew_pitch": 5.720124822485681, "eval/episode_rew_roll": 7.174862788905906, "eval/episode_rew_side_motion": 9.246893801938269, "eval/episode_rew_torque_limits": 0.0, "eval/episode_rew_turn": 3.89028111156998, "eval/episode_rew_yaw": 7.4724232330914475, "eval/episode_rew_z_vel_change": 4.266363156401941, "eval/episode_reward": 24.67115752439512, "eval/episode_step_count": 9316.0, "eval/avg_episode_length": 137.0, "eval/epoch_eval_time": 52.70804023742676, "eval/sps": 18.972437516087407, "steps": 0, "eval/best_reward": 24.67115752439512, "_timestamp": 1738839438.0419147, "_runtime": 152.60354375839233, "_step": 1, "Render at step 0": {"_type": "html-file", "sha256": "efd1cb1ff1707b92df15de31fdf7135f3b73033b9b72c244ab078820bc196019", "size": 12105144, "path": "media/html/Render at step 0_1_efd1cb1ff1707b92df15.html"}, "_wandb": {"runtime": 799}}