{"eval/walltime": 52.195356130599976, "eval/episode_forward_vel": -0.1214070239824021, "eval/episode_penalty_torque_lim": -9.627986240999976e-06, "eval/episode_rew_action": 0.0, "eval/episode_rew_ang_change": 52.85815147278533, "eval/episode_rew_ang_vel": 0.0, "eval/episode_rew_cosmetic": 0.0, "eval/episode_rew_energy": 1.6087607484338253, "eval/episode_rew_foot_z": 0.0, "eval/episode_rew_forward_vel": -52.218074831140676, "eval/episode_rew_joint_acc": 0.0, "eval/episode_rew_joint_limits": 0.0, "eval/episode_rew_pitch": 52.057194408347556, "eval/episode_rew_roll": 53.3024038409747, "eval/episode_rew_side_motion": 57.79878366171748, "eval/episode_rew_torque_limits": 0.0, "eval/episode_rew_turn": 74.80456661003475, "eval/episode_rew_yaw": 51.660160029240345, "eval/episode_rew_z_vel_change": 30.344225957837875, "eval/episode_reward": 322.48530597674943, "eval/episode_step_count": 499500.0, "eval/avg_episode_length": 1000.0, "eval/epoch_eval_time": 52.195356130599976, "eval/sps": 19.158792546560313, "steps": 0, "eval/best_reward": 322.48530597674943, "_timestamp": 1738843711.705643, "_runtime": 153.63545298576355, "_step": 1, "Render at step 0": {"_type": "html-file", "sha256": "ecb78de967a7a2fa017939ff45c7da7d92e36f3c7c6a6e572bb941dbc684ab50", "size": 12091720, "path": "media/html/Render at step 0_1_ecb78de967a7a2fa0179.html"}, "_wandb": {"runtime": 220}}