{"eval/walltime": 50.78563642501831, "eval/episode_forward_vel": -0.013700643453495639, "eval/episode_penalty_torque_lim": -140.07850601273148, "eval/episode_rew_action": 0.0, "eval/episode_rew_ang_change": 1.7727345278950015, "eval/episode_rew_ang_vel": 0.0, "eval/episode_rew_cosmetic": 0.0, "eval/episode_rew_energy": 0.0, "eval/episode_rew_foot_z": 0.0, "eval/episode_rew_forward_vel": -5.892749872471241, "eval/episode_rew_joint_acc": 0.0, "eval/episode_rew_joint_limits": 0.0, "eval/episode_rew_pitch": 2.3416733901976334, "eval/episode_rew_roll": 1.8842474769014501, "eval/episode_rew_side_motion": 1.3227834167307313, "eval/episode_rew_torque_limits": 0.0, "eval/episode_rew_turn": 0.9910721143947439, "eval/episode_rew_yaw": 1.7958005071263936, "eval/episode_rew_z_vel_change": 0.9490210894093342, "eval/episode_reward": -139.0425774956503, "eval/episode_step_count": 1378.0, "eval/avg_episode_length": 53.0, "eval/epoch_eval_time": 50.78563642501831, "eval/sps": 19.690606840704557, "steps": 0, "eval/best_reward": -139.0425774956503, "_timestamp": 1738923914.4344997, "_runtime": 121.22803473472595, "_step": 1, "Render at step 0": {"_type": "html-file", "sha256": "25f8388654184019641e8dafef8dc163b40dcaa1c63dae005f84afc8de29cd95", "size": 12078961, "path": "media/html/Render at step 0_1_25f8388654184019641e.html"}, "_wandb": {"runtime": 186}}