{"eval/walltime": 16.16474461555481, "eval/episode_forward_vel": -3.547830278098894, "eval/episode_penalty_torque_lim": -1.8577809522330935, "eval/episode_rew_action": 0.0, "eval/episode_rew_ang_change": 53.332598923767094, "eval/episode_rew_ang_vel": 0.0, "eval/episode_rew_cosmetic": 0.0, "eval/episode_rew_energy": 7.905725658607316, "eval/episode_rew_foot_z": 0.0, "eval/episode_rew_forward_vel": -1525.948506709202, "eval/episode_rew_joint_acc": 0.0, "eval/episode_rew_joint_limits": 0.0, "eval/episode_rew_pitch": 52.79227595549296, "eval/episode_rew_roll": 53.01869337501077, "eval/episode_rew_side_motion": 11.379424078719167, "eval/episode_rew_torque_limits": 0.0, "eval/episode_rew_turn": 101.89397218679858, "eval/episode_rew_yaw": 107.0592605850674, "eval/episode_rew_z_vel_change": 19.931099887190488, "eval/episode_reward": -1122.8780242182734, "eval/episode_step_count": 499500.0, "eval/avg_episode_length": 1000.0, "eval/epoch_eval_time": 2.246171474456787, "eval/sps": 445.20198541023655, "steps": 2000.0, "eval/best_reward": -314.7474303533778, "_timestamp": 1738327554.98114, "_runtime": 210.75308299064636, "_step": 2, "Render at step 0": {"_type": "html-file", "sha256": "af780ae8a44008f95feb6eeffae2b43210778a86f7538909c89f9d5b4113a082", "size": 12100342, "path": "media/html/Render at step 0_1_af780ae8a44008f95feb.html"}, "training/sps": 7.642413366558938, "training/walltime": 130.84871912002563, "training/model_train_time": 89.31507706642151, "training/other_time": 40.70709681510925, "training/model_horizon": 1, "training/hallucination_updates_per_training_step": 10, "training/env_buffer_size": 2000, "model/train_total_loss": -51.9576018369206, "model/train_mean_loss": 0.014945174748591174, "model/test_total_loss": -52.54507767141994, "model/test_mean_loss": 0.014886185090200007, "model/train_epochs": 7, "model/sec_per_epoch": 12.524724074772426, "sac/actor_loss": 29.15653469858484, "sac/alpha": 0.9770506024360657, "sac/alpha_loss": 6.994116752225415, "sac/buffer_current_size": 3600.0, "sac/critic_loss": 207.92089685836592, "_wandb": {"runtime": 976}}