{"eval/walltime": 89.70629525184631, "eval/episode_forward_vel": -0.0031612160103501336, "eval/episode_penalty_torque_lim": -2.239766133201243, "eval/episode_rew_action": 0.0, "eval/episode_rew_ang_change": 3.1193755827603025, "eval/episode_rew_ang_vel": 0.0, "eval/episode_rew_cosmetic": 0.0, "eval/episode_rew_energy": 4.71148108472603e-06, "eval/episode_rew_foot_z": 0.0, "eval/episode_rew_forward_vel": -1.3596628001505948, "eval/episode_rew_joint_acc": 0.0, "eval/episode_rew_joint_limits": 0.0, "eval/episode_rew_pitch": 3.465955218457433, "eval/episode_rew_roll": 2.800981423363025, "eval/episode_rew_side_motion": 1.8350694803644785, "eval/episode_rew_torque_limits": 0.0, "eval/episode_rew_turn": 3.1581166788955093, "eval/episode_rew_yaw": 6.935791281451609, "eval/episode_rew_z_vel_change": 1.9159512415095734, "eval/episode_reward": 18.59668333873836, "eval/episode_step_count": 2278.0, "eval/avg_episode_length": 68.0, "eval/epoch_eval_time": 37.97122120857239, "eval/sps": 26.335734489736133, "steps": 2000.0, "eval/best_reward": 18.59668333873836, "_timestamp": 1738666755.0041368, "_runtime": 1204.3967397212982, "_step": 3, "Render at step 0": {"_type": "html-file", "sha256": "ce00ff1895600fa370b346bb26de968b49d3903c046ccfda5faa8cccf5a7c85e", "size": 12087938, "path": "media/html/Render at step 0_1_ce00ff1895600fa370b3.html"}, "training/sps": 1.123684015215661, "training/walltime": 889.929897069931, "training/model_train_time": 812.6757106781006, "training/other_time": 76.42479586601257, "training/model_horizon": 1, "training/hallucination_updates_per_training_step": 10, "training/env_buffer_size": 2000, "model/train_total_loss": -60.16906750548301, "model/train_mean_loss": 0.008350809178613675, "model/test_total_loss": -59.76119322464114, "model/test_mean_loss": 0.0082969872304467, "model/train_epochs": 499, "model/sec_per_epoch": 1.6254421431937056, "sac/actor_loss": -11.573918064493062, "sac/alpha": 0.9164648652076721, "sac/alpha_loss": 9.619952385119037, "sac/buffer_current_size": 3600.0, "sac/critic_loss": 0.5624833482810444, "Render at step 2000.0": {"_type": "html-file", "sha256": "d8dca0e965e491ac0c2bfa10516ac0094480bf0c685c96fc14e41e061e5d1565", "size": 12097681, "path": "media/html/Render at step 2000.0_3_d8dca0e965e491ac0c2b.html"}, "_wandb": {"runtime": 1675}}