{"eval/walltime": 52.27866578102112, "eval/episode_forward_vel": 0.008914762952294531, "eval/episode_penalty_torque_lim": -0.912759683529052, "eval/episode_rew_action": 0.0, "eval/episode_rew_ang_change": 2.1715499918520087, "eval/episode_rew_ang_vel": 0.0, "eval/episode_rew_cosmetic": 0.0, "eval/episode_rew_energy": 9.920062670267567e-10, "eval/episode_rew_foot_z": 0.0, "eval/episode_rew_forward_vel": 3.8343066461481845, "eval/episode_rew_joint_acc": 0.0, "eval/episode_rew_joint_limits": 0.0, "eval/episode_rew_pitch": 2.445085788308487, "eval/episode_rew_roll": 1.7734725700973326, "eval/episode_rew_side_motion": 1.4650066126752206, "eval/episode_rew_torque_limits": 0.0, "eval/episode_rew_turn": 2.289497255042231, "eval/episode_rew_yaw": 3.2684786533614236, "eval/episode_rew_z_vel_change": 1.2733002801107933, "eval/episode_reward": 16.904661589049628, "eval/episode_step_count": 1128.0, "eval/avg_episode_length": 48.0, "eval/epoch_eval_time": 52.27866578102112, "eval/sps": 19.128261692612533, "steps": 0, "eval/best_reward": 16.904661589049628, "_timestamp": 1738668206.530645, "_runtime": 144.74245381355286, "_step": 1, "Render at step 0": {"_type": "html-file", "sha256": "6ddd7f13ce92e3d34c551370ee2c0ed80c62bba91ce691513dd7ad0bb524c049", "size": 12088332, "path": "media/html/Render at step 0_1_6ddd7f13ce92e3d34c55.html"}, "_wandb": {"runtime": 211}}