{"eval/walltime": 52.15136098861694, "eval/episode_forward_vel": -0.00057421094455559, "eval/episode_penalty_torque_lim": -0.1692006818073986, "eval/episode_rew_action": 0.0, "eval/episode_rew_ang_change": 1.2397263140028894, "eval/episode_rew_ang_vel": 0.0, "eval/episode_rew_cosmetic": 0.0, "eval/episode_rew_energy": 6.247186800450583e-10, "eval/episode_rew_foot_z": 0.0, "eval/episode_rew_forward_vel": -0.24697244927122142, "eval/episode_rew_joint_acc": 0.0, "eval/episode_rew_joint_limits": 0.0, "eval/episode_rew_pitch": 1.3317916270403682, "eval/episode_rew_roll": 0.9828425747458263, "eval/episode_rew_side_motion": 1.706029779138549, "eval/episode_rew_torque_limits": 0.0, "eval/episode_rew_turn": 1.997906386031388, "eval/episode_rew_yaw": 2.708817026253958, "eval/episode_rew_z_vel_change": 0.7143663791147515, "eval/episode_reward": 9.458850785085684, "eval/episode_step_count": 496.0, "eval/avg_episode_length": 32.0, "eval/epoch_eval_time": 52.15136098861694, "eval/sps": 19.174954997210325, "steps": 0, "eval/best_reward": 9.458850785085684, "_timestamp": 1738667984.9420536, "_runtime": 128.46373462677002, "_step": 1, "Render at step 0": {"_type": "html-file", "sha256": "cf4d828d5fb67123184facf4ab6310ba28e49b05eb5eaeb14327ddd083b5fa4e", "size": 12092981, "path": "media/html/Render at step 0_1_cf4d828d5fb67123184f.html"}, "_wandb": {"runtime": 192}}