{"eval/walltime": 54.46522116661072, "eval/episode_forward_vel": -0.3032842069249033, "eval/episode_penalty_torque_lim": -0.004200089517462704, "eval/episode_rew_action": 0.0, "eval/episode_rew_ang_change": 53.11583506285657, "eval/episode_rew_ang_vel": 0.0, "eval/episode_rew_cosmetic": 0.0, "eval/episode_rew_energy": 0.01521658500851326, "eval/episode_rew_foot_z": 0.0, "eval/episode_rew_forward_vel": -130.44482018275394, "eval/episode_rew_joint_acc": 0.0, "eval/episode_rew_joint_limits": 0.0, "eval/episode_rew_pitch": 53.524591080261715, "eval/episode_rew_roll": 53.160321493501314, "eval/episode_rew_side_motion": 80.40345234648859, "eval/episode_rew_torque_limits": 0.0, "eval/episode_rew_turn": 56.97466972728783, "eval/episode_rew_yaw": 17.044123597459492, "eval/episode_rew_z_vel_change": 24.94296835338302, "eval/episode_reward": 208.86951033068084, "eval/episode_step_count": 499500.0, "eval/avg_episode_length": 1000.0, "eval/epoch_eval_time": 54.46522116661072, "eval/sps": 18.360340389346266, "steps": 0, "eval/best_reward": 208.86951033068084, "_timestamp": 1738585040.653288, "_runtime": 151.59487986564636, "_step": 1, "Render at step 0": {"_type": "html-file", "sha256": "9f6e4042c7f0d34105a68cf6bdd790bace0abf844177223dc2d065dcc1eda15a", "size": 12087499, "path": "media/html/Render at step 0_1_9f6e4042c7f0d34105a6.html"}, "_wandb": {"runtime": 298}}