{"eval/walltime": 51.99984860420227, "eval/episode_forward_vel": 0.012242346480064765, "eval/episode_penalty_torque_lim": -0.038169878507073485, "eval/episode_rew_action": 0.0, "eval/episode_rew_ang_change": 2.5931925115887604, "eval/episode_rew_ang_vel": 0.0, "eval/episode_rew_cosmetic": 0.0, "eval/episode_rew_energy": 0.005076665400966039, "eval/episode_rew_foot_z": 0.0, "eval/episode_rew_forward_vel": 5.265525367769788, "eval/episode_rew_joint_acc": 0.0, "eval/episode_rew_joint_limits": 0.0, "eval/episode_rew_pitch": 2.864957264416468, "eval/episode_rew_roll": 1.8863689151180043, "eval/episode_rew_side_motion": 1.773582827599127, "eval/episode_rew_torque_limits": 0.0, "eval/episode_rew_turn": 3.2831728902138715, "eval/episode_rew_yaw": 4.678288537056405, "eval/episode_rew_z_vel_change": 1.4615831983593028, "eval/episode_reward": 23.141209703661715, "eval/episode_step_count": 1540.0, "eval/avg_episode_length": 56.0, "eval/epoch_eval_time": 51.99984860420227, "eval/sps": 19.23082522050241, "steps": 0, "eval/best_reward": 23.141209703661715, "_timestamp": 1738669561.0746772, "_runtime": 145.91650915145874, "_step": 1, "Render at step 0": {"_type": "html-file", "sha256": "36120d786540054d22968b3e617c861983c7432019ba6ce3e4e91b637c9052b3", "size": 12089909, "path": "media/html/Render at step 0_1_36120d786540054d2296.html"}, "_wandb": {"runtime": 299}}