{"eval/walltime": 167.02121782302856, "eval/episode_forward_vel": -0.061376292977446734, "eval/episode_penalty_torque_lim": -1.1388185039001957, "eval/episode_rew_action": 0.0, "eval/episode_rew_ang_change": 12.100860468509415, "eval/episode_rew_ang_vel": 0.0, "eval/episode_rew_cosmetic": 0.0, "eval/episode_rew_energy": 0.02496457531177268, "eval/episode_rew_foot_z": 0.0, "eval/episode_rew_forward_vel": -26.398405581697524, "eval/episode_rew_joint_acc": 0.0, "eval/episode_rew_joint_limits": 0.0, "eval/episode_rew_pitch": 12.798170556138034, "eval/episode_rew_roll": 11.54316674424138, "eval/episode_rew_side_motion": 9.947688127252858, "eval/episode_rew_torque_limits": 0.0, "eval/episode_rew_turn": 11.0449010606365, "eval/episode_rew_yaw": 17.6621975008848, "eval/episode_rew_z_vel_change": 6.237683648974406, "eval/episode_reward": 52.597241535587, "eval/episode_step_count": 32640.0, "eval/avg_episode_length": 256.0, "eval/epoch_eval_time": 30.776383638381958, "eval/sps": 32.492446537899156, "steps": 5000.0, "eval/best_reward": 301.7775004252874, "_timestamp": 1737551564.1221857, "_runtime": 9803.800533771515, "_step": 5, "Render at step 0": {"_type": "html-file", "sha256": "b5ff16adcd6d5797325922b67125966d116c9c653c4a36bb6dd12cd96f2cb076", "size": 31544440, "path": "media/html/Render at step 0_1_b5ff16adcd6d57973259.html"}, "training/sps": 0.20708385084230183, "training/walltime": 9472.181545495987, "training/model_train_time": 3529.438048362732, "training/other_time": 1298.670758485794, "training/model_horizon": 6, "training/hallucination_updates_per_training_step": 752, "training/env_buffer_size": 5000, "model/train_total_loss": -66.13394270579722, "model/train_mean_loss": 0.00010200722340569421, "model/test_total_loss": -65.27391185180295, "model/test_mean_loss": 0.00014899474803798418, "model/train_epochs": 553, "model/sec_per_epoch": 6.378885442481981, "sac/actor_loss": -16.069040422792614, "sac/alpha": 0.027588143944740295, "sac/alpha_loss": 5.435868445355526e-05, "sac/buffer_current_size": 400000.0, "sac/critic_loss": 0.02582282270911229, "_wandb": {"runtime": 10134}}