{"eval/walltime": 54.419299364089966, "eval/episode_forward_vel": 0.0021054335891151125, "eval/episode_penalty_torque_lim": -5.115924922834512, "eval/episode_rew_action": 0.0, "eval/episode_rew_ang_change": 3.723389696217557, "eval/episode_rew_ang_vel": 0.0, "eval/episode_rew_cosmetic": 0.0, "eval/episode_rew_energy": 0.0698683097384325, "eval/episode_rew_foot_z": 0.0, "eval/episode_rew_forward_vel": 0.905562834028006, "eval/episode_rew_joint_acc": 0.0, "eval/episode_rew_joint_limits": 0.0, "eval/episode_rew_pitch": 3.9636867062759817, "eval/episode_rew_roll": 2.9028031321706553, "eval/episode_rew_side_motion": 1.8934268486605987, "eval/episode_rew_torque_limits": 0.0, "eval/episode_rew_turn": 3.913228671264075, "eval/episode_rew_yaw": 6.0030447344846, "eval/episode_rew_z_vel_change": 1.8430114093743641, "eval/episode_reward": 19.309144559042256, "eval/episode_step_count": 2850.0, "eval/avg_episode_length": 76.0, "eval/epoch_eval_time": 54.419299364089966, "eval/sps": 18.375833788479035, "steps": 0, "eval/best_reward": 19.309144559042256, "_timestamp": 1738671282.089378, "_runtime": 145.2147672176361, "_step": 1, "Render at step 0": {"_type": "html-file", "sha256": "6b3e0e83149fca822f595aa49829660e154eb98f6ffd795f267b19587ea05fb2", "size": 12091039, "path": "media/html/Render at step 0_1_6b3e0e83149fca822f59.html"}, "_wandb": {"runtime": 238}}