{"eval/walltime": 53.62583899497986, "eval/episode_forward_vel": -0.060294663352437605, "eval/episode_penalty_torque_lim": -0.21031385481963835, "eval/episode_rew_action": 0.0, "eval/episode_rew_ang_change": 10.007348885532847, "eval/episode_rew_ang_vel": 0.0, "eval/episode_rew_cosmetic": 0.0, "eval/episode_rew_energy": 0.7152832631537146, "eval/episode_rew_foot_z": 0.0, "eval/episode_rew_forward_vel": -25.93318853868285, "eval/episode_rew_joint_acc": 0.0, "eval/episode_rew_joint_limits": 0.0, "eval/episode_rew_pitch": 9.271470977201297, "eval/episode_rew_roll": 8.406757410092016, "eval/episode_rew_side_motion": 8.089192831934946, "eval/episode_rew_torque_limits": 0.0, "eval/episode_rew_turn": 10.236105739930561, "eval/episode_rew_yaw": 13.93302875963566, "eval/episode_rew_z_vel_change": 5.859609719904945, "eval/episode_reward": 39.35393591497033, "eval/episode_step_count": 18336.0, "eval/avg_episode_length": 192.0, "eval/epoch_eval_time": 53.62583899497986, "eval/sps": 18.647726893254095, "steps": 0, "eval/best_reward": 39.35393591497033, "_timestamp": 1738676718.7576323, "_runtime": 154.04908323287964, "_step": 1, "Render at step 0": {"_type": "html-file", "sha256": "760b7f7429b9b9be581d58eef5c38cf0e86f38936484643e348e858fe4e8b51a", "size": 12105035, "path": "media/html/Render at step 0_1_760b7f7429b9b9be581d.html"}, "_wandb": {"runtime": 235}}