{"eval/walltime": 54.23479437828064, "eval/episode_forward_vel": -0.014246113845517152, "eval/episode_penalty_torque_lim": -0.18440143772508966, "eval/episode_rew_action": 0.0, "eval/episode_rew_ang_change": 3.50014148324125, "eval/episode_rew_ang_vel": 0.0, "eval/episode_rew_cosmetic": 0.0, "eval/episode_rew_energy": 0.08802746389748978, "eval/episode_rew_foot_z": 0.0, "eval/episode_rew_forward_vel": -6.127360793770816, "eval/episode_rew_joint_acc": 0.0, "eval/episode_rew_joint_limits": 0.0, "eval/episode_rew_pitch": 3.581677196053867, "eval/episode_rew_roll": 2.61749059566556, "eval/episode_rew_side_motion": 1.8664314506134385, "eval/episode_rew_torque_limits": 0.0, "eval/episode_rew_turn": 2.4437653729236337, "eval/episode_rew_yaw": 3.796954976315931, "eval/episode_rew_z_vel_change": 1.5616607604861001, "eval/episode_reward": 12.139538655154492, "eval/episode_step_count": 2628.0, "eval/avg_episode_length": 73.0, "eval/epoch_eval_time": 54.23479437828064, "eval/sps": 18.438347770347022, "steps": 0, "eval/best_reward": 12.139538655154492, "_timestamp": 1738669313.725528, "_runtime": 139.20687007904053, "_step": 1, "Render at step 0": {"_type": "html-file", "sha256": "aaaed02224f90657c3e12579997c6927925fe1b338e53229da1e01a7d7bf5bb5", "size": 12092860, "path": "media/html/Render at step 0_1_aaaed02224f90657c3e1.html"}, "_wandb": {"runtime": 205}}