{"eval/walltime": 53.85934615135193, "eval/episode_forward_vel": -0.053852878011457425, "eval/episode_penalty_torque_lim": -7.637740568328422e-06, "eval/episode_rew_action": 0.0, "eval/episode_rew_ang_change": 9.727277847728171, "eval/episode_rew_ang_vel": 0.0, "eval/episode_rew_cosmetic": 0.0, "eval/episode_rew_energy": 0.3347747128706304, "eval/episode_rew_foot_z": 0.0, "eval/episode_rew_forward_vel": -23.162528176970937, "eval/episode_rew_joint_acc": 0.0, "eval/episode_rew_joint_limits": 0.0, "eval/episode_rew_pitch": 8.061924777347734, "eval/episode_rew_roll": 9.801158304049485, "eval/episode_rew_side_motion": 13.184761616626044, "eval/episode_rew_torque_limits": 0.0, "eval/episode_rew_turn": 5.939923665906781, "eval/episode_rew_yaw": 13.88444285643346, "eval/episode_rew_z_vel_change": 5.753077191988967, "eval/episode_reward": 42.461581721084585, "eval/episode_step_count": 17205.0, "eval/avg_episode_length": 186.0, "eval/epoch_eval_time": 53.85934615135193, "eval/sps": 18.566879686765358, "steps": 0, "eval/best_reward": 42.461581721084585, "_timestamp": 1738836955.4189951, "_runtime": 154.28637313842773, "_step": 1, "Render at step 0": {"_type": "html-file", "sha256": "3a2a12a0199dad4cd1055bcc7b5ea3e3fc21cd7f547d398804f0b85e5a44142e", "size": 12104844, "path": "media/html/Render at step 0_1_3a2a12a0199dad4cd105.html"}, "_wandb": {"runtime": 445}}