{"eval/walltime": 51.77259588241577, "eval/episode_forward_vel": -0.014215750371198694, "eval/episode_penalty_torque_lim": -0.34915673499072697, "eval/episode_rew_action": 0.0, "eval/episode_rew_ang_change": 2.64956758441034, "eval/episode_rew_ang_vel": 0.0, "eval/episode_rew_cosmetic": 0.0, "eval/episode_rew_energy": 0.04891088968875806, "eval/episode_rew_foot_z": 0.0, "eval/episode_rew_forward_vel": -6.114301234924167, "eval/episode_rew_joint_acc": 0.0, "eval/episode_rew_joint_limits": 0.0, "eval/episode_rew_pitch": 2.7422229530831936, "eval/episode_rew_roll": 1.9914397549474454, "eval/episode_rew_side_motion": 0.49210542077742614, "eval/episode_rew_torque_limits": 0.0, "eval/episode_rew_turn": 2.59922786130533, "eval/episode_rew_yaw": 6.110757502952762, "eval/episode_rew_z_vel_change": 1.298443113838594, "eval/episode_reward": 10.608918971775083, "eval/episode_step_count": 1711.0, "eval/avg_episode_length": 59.0, "eval/epoch_eval_time": 51.77259588241577, "eval/sps": 19.315237780836167, "steps": 0, "eval/best_reward": 10.608918971775083, "_timestamp": 1738671625.841067, "_runtime": 145.79631209373474, "_step": 1, "Render at step 0": {"_type": "html-file", "sha256": "aedd9f55090664848eac4cd83ac32004e0e24514d5aba6b6a09618c3701418b8", "size": 12091591, "path": "media/html/Render at step 0_1_aedd9f55090664848eac.html"}, "_wandb": {"runtime": 217}}