{"eval/walltime": 53.788458585739136, "eval/episode_forward_vel": -0.017089012121487307, "eval/episode_penalty_torque_lim": -0.12987140475383277, "eval/episode_rew_action": 0.0, "eval/episode_rew_ang_change": 4.5192486063296995, "eval/episode_rew_ang_vel": 0.0, "eval/episode_rew_cosmetic": 0.0, "eval/episode_rew_energy": 0.033654315736860854, "eval/episode_rew_foot_z": 0.0, "eval/episode_rew_forward_vel": -7.350112740424649, "eval/episode_rew_joint_acc": 0.0, "eval/episode_rew_joint_limits": 0.0, "eval/episode_rew_pitch": 4.773199614370295, "eval/episode_rew_roll": 3.8053200328561547, "eval/episode_rew_side_motion": 1.3907187051166998, "eval/episode_rew_torque_limits": 0.0, "eval/episode_rew_turn": 6.687449136930667, "eval/episode_rew_yaw": 9.4340157071308, "eval/episode_rew_z_vel_change": 2.292342035070886, "eval/episode_reward": 24.437988201125354, "eval/episode_step_count": 4095.0, "eval/avg_episode_length": 91.0, "eval/epoch_eval_time": 53.788458585739136, "eval/sps": 18.59134889329453, "steps": 0, "eval/best_reward": 24.437988201125354, "_timestamp": 1738672745.0669858, "_runtime": 140.57695174217224, "_step": 1, "Render at step 0": {"_type": "html-file", "sha256": "a7dd4f09e4d600391b3d3c2edabd704b68994c0ee3945c38617f78b55ea57713", "size": 12098236, "path": "media/html/Render at step 0_1_a7dd4f09e4d600391b3d.html"}, "_wandb": {"runtime": 206}}