{"eval/walltime": 132.2743103504181, "eval/episode_forward_vel": 0.024969410397613887, "eval/episode_penalty_torque_lim": -6.964833909562719, "eval/episode_rew_action": 0.0, "eval/episode_rew_ang_change": 13.019516302610278, "eval/episode_rew_ang_vel": 0.0, "eval/episode_rew_cosmetic": 0.0, "eval/episode_rew_energy": 0.03462072076908525, "eval/episode_rew_foot_z": 0.0, "eval/episode_rew_forward_vel": 10.73953135381242, "eval/episode_rew_joint_acc": 0.0, "eval/episode_rew_joint_limits": 0.0, "eval/episode_rew_pitch": 13.596474088059612, "eval/episode_rew_roll": 11.320675895851007, "eval/episode_rew_side_motion": 13.179535995744956, "eval/episode_rew_torque_limits": 0.0, "eval/episode_rew_turn": 13.52348560998135, "eval/episode_rew_yaw": 11.021060590589332, "eval/episode_rew_z_vel_change": 7.1865642743736515, "eval/episode_reward": 85.8340594165526, "eval/episode_step_count": 37675.0, "eval/avg_episode_length": 275.0, "eval/epoch_eval_time": 30.0055992603302, "eval/sps": 33.32711309392444, "steps": 4000.0, "eval/best_reward": 319.4417321953254, "_timestamp": 1737677481.0670245, "_runtime": 3858.404441356659, "_step": 4, "Render at step 0": {"_type": "html-file", "sha256": "d29e06ed78b927647a8a56ee465d26149a149506bdbdba8336d52cf476fb21ce", "size": 31544188, "path": "media/html/Render at step 0_1_d29e06ed78b927647a8a.html"}, "training/sps": 0.5405968246794698, "training/walltime": 3564.815008878708, "training/model_train_time": 1139.7819609642029, "training/other_time": 709.1914601325989, "training/model_horizon": 4, "training/hallucination_updates_per_training_step": 505, "training/env_buffer_size": 4000, "model/train_total_loss": -65.45204833609651, "model/train_mean_loss": 0.0002596364621095868, "model/test_total_loss": -64.74084307557371, "model/test_mean_loss": 0.00026158316606578533, "model/train_epochs": 268, "model/sec_per_epoch": 4.245546722590034, "sac/actor_loss": -10.30430928690864, "sac/alpha": 0.03935115411877632, "sac/alpha_loss": 0.0008416744129728544, "sac/buffer_current_size": 377045.5625, "sac/critic_loss": 0.02114461802819337, "_wandb": {"runtime": 3867}}