{"eval/walltime": 53.288575887680054, "eval/episode_forward_vel": 0.011146918707310681, "eval/episode_penalty_torque_lim": -0.5571311193436523, "eval/episode_rew_action": 0.0, "eval/episode_rew_ang_change": 2.510899402783412, "eval/episode_rew_ang_vel": 0.0, "eval/episode_rew_cosmetic": 0.0, "eval/episode_rew_energy": 0.005670357353767453, "eval/episode_rew_foot_z": 0.0, "eval/episode_rew_forward_vel": 4.79437363755298, "eval/episode_rew_joint_acc": 0.0, "eval/episode_rew_joint_limits": 0.0, "eval/episode_rew_pitch": 2.77475943624084, "eval/episode_rew_roll": 1.9139846534684888, "eval/episode_rew_side_motion": 1.667957002309367, "eval/episode_rew_torque_limits": 0.0, "eval/episode_rew_turn": 2.448732111861667, "eval/episode_rew_yaw": 4.002331817169172, "eval/episode_rew_z_vel_change": 1.447002365291887, "eval/episode_reward": 20.37846637578917, "eval/episode_step_count": 1431.0, "eval/avg_episode_length": 54.0, "eval/epoch_eval_time": 53.288575887680054, "eval/sps": 18.765748255456625, "steps": 0, "eval/best_reward": 20.37846637578917, "_timestamp": 1738668435.894451, "_runtime": 147.52183294296265, "_step": 1, "Render at step 0": {"_type": "html-file", "sha256": "98aa83fb0f83f365fcd309d0038e66247de32ddeda4116489179785c6451b209", "size": 12088365, "path": "media/html/Render at step 0_1_98aa83fb0f83f365fcd3.html"}, "_wandb": {"runtime": 212}}